filename,label,filepath
cardboard35.jpg,0,images\cardboard35.jpg
cardboard36.jpg,0,images\cardboard36.jpg
cardboard37.jpg,0,images\cardboard37.jpg
cardboard375.jpg,0,images\cardboard375.jpg
cardboard376.jpg,0,images\cardboard376.jpg
cardboard377.jpg,0,images\cardboard377.jpg
cardboard378.jpg,0,images\cardboard378.jpg
cardboard379.jpg,0,images\cardboard379.jpg
cardboard38.jpg,0,images\cardboard38.jpg
cardboard380.jpg,0,images\cardboard380.jpg
cardboard381.jpg,0,images\cardboard381.jpg
cardboard382.jpg,0,images\cardboard382.jpg
cardboard383.jpg,0,images\cardboard383.jpg
cardboard384.jpg,0,images\cardboard384.jpg
cardboard385.jpg,0,images\cardboard385.jpg
cardboard386.jpg,0,images\cardboard386.jpg
cardboard387.jpg,0,images\cardboard387.jpg
cardboard388.jpg,0,images\cardboard388.jpg
cardboard389.jpg,0,images\cardboard389.jpg
cardboard39.jpg,0,images\cardboard39.jpg
cardboard390.jpg,0,images\cardboard390.jpg
cardboard391.jpg,0,images\cardboard391.jpg
cardboard392.jpg,0,images\cardboard392.jpg
cardboard393.jpg,0,images\cardboard393.jpg
cardboard394.jpg,0,images\cardboard394.jpg
cardboard395.jpg,0,images\cardboard395.jpg
cardboard396.jpg,0,images\cardboard396.jpg
cardboard397.jpg,0,images\cardboard397.jpg
cardboard398.jpg,0,images\cardboard398.jpg
cardboard399.jpg,0,images\cardboard399.jpg
cardboard4.jpg,0,images\cardboard4.jpg
cardboard40.jpg,0,images\cardboard40.jpg
cardboard400.jpg,0,images\cardboard400.jpg
cardboard401.jpg,0,images\cardboard401.jpg
cardboard402.jpg,0,images\cardboard402.jpg
cardboard403.jpg,0,images\cardboard403.jpg
cardboard41.jpg,0,images\cardboard41.jpg
cardboard42.jpg,0,images\cardboard42.jpg
cardboard43.jpg,0,images\cardboard43.jpg
cardboard44.jpg,0,images\cardboard44.jpg
cardboard45.jpg,0,images\cardboard45.jpg
cardboard46.jpg,0,images\cardboard46.jpg
cardboard47.jpg,0,images\cardboard47.jpg
cardboard48.jpg,0,images\cardboard48.jpg
cardboard49.jpg,0,images\cardboard49.jpg
cardboard5.jpg,0,images\cardboard5.jpg
cardboard50.jpg,0,images\cardboard50.jpg
cardboard51.jpg,0,images\cardboard51.jpg
cardboard52.jpg,0,images\cardboard52.jpg
cardboard53.jpg,0,images\cardboard53.jpg
cardboard54.jpg,0,images\cardboard54.jpg
cardboard55.jpg,0,images\cardboard55.jpg
cardboard56.jpg,0,images\cardboard56.jpg
cardboard57.jpg,0,images\cardboard57.jpg
cardboard58.jpg,0,images\cardboard58.jpg
cardboard59.jpg,0,images\cardboard59.jpg
cardboard6.jpg,0,images\cardboard6.jpg
cardboard60.jpg,0,images\cardboard60.jpg
cardboard61.jpg,0,images\cardboard61.jpg
cardboard62.jpg,0,images\cardboard62.jpg
cardboard63.jpg,0,images\cardboard63.jpg
cardboard64.jpg,0,images\cardboard64.jpg
cardboard65.jpg,0,images\cardboard65.jpg
cardboard66.jpg,0,images\cardboard66.jpg
cardboard67.jpg,0,images\cardboard67.jpg
cardboard68.jpg,0,images\cardboard68.jpg
cardboard69.jpg,0,images\cardboard69.jpg
cardboard7.jpg,0,images\cardboard7.jpg
cardboard70.jpg,0,images\cardboard70.jpg
cardboard71.jpg,0,images\cardboard71.jpg
cardboard72.jpg,0,images\cardboard72.jpg
cardboard73.jpg,0,images\cardboard73.jpg
cardboard74.jpg,0,images\cardboard74.jpg
cardboard75.jpg,0,images\cardboard75.jpg
cardboard76.jpg,0,images\cardboard76.jpg
cardboard77.jpg,0,images\cardboard77.jpg
cardboard78.jpg,0,images\cardboard78.jpg
cardboard79.jpg,0,images\cardboard79.jpg
cardboard8.jpg,0,images\cardboard8.jpg
cardboard80.jpg,0,images\cardboard80.jpg
cardboard81.jpg,0,images\cardboard81.jpg
cardboard82.jpg,0,images\cardboard82.jpg
cardboard83.jpg,0,images\cardboard83.jpg
cardboard84.jpg,0,images\cardboard84.jpg
cardboard85.jpg,0,images\cardboard85.jpg
cardboard86.jpg,0,images\cardboard86.jpg
cardboard87.jpg,0,images\cardboard87.jpg
cardboard88.jpg,0,images\cardboard88.jpg
cardboard89.jpg,0,images\cardboard89.jpg
cardboard9.jpg,0,images\cardboard9.jpg
cardboard90.jpg,0,images\cardboard90.jpg
cardboard91.jpg,0,images\cardboard91.jpg
cardboard92.jpg,0,images\cardboard92.jpg
cardboard93.jpg,0,images\cardboard93.jpg
cardboard94.jpg,0,images\cardboard94.jpg
cardboard95.jpg,0,images\cardboard95.jpg
cardboard96.jpg,0,images\cardboard96.jpg
cardboard97.jpg,0,images\cardboard97.jpg
cardboard98.jpg,0,images\cardboard98.jpg
cardboard99.jpg,0,images\cardboard99.jpg
glass458.jpg,0,images\glass458.jpg
glass459.jpg,0,images\glass459.jpg
glass46.jpg,0,images\glass46.jpg
glass460.jpg,0,images\glass460.jpg
glass461.jpg,0,images\glass461.jpg
glass462.jpg,0,images\glass462.jpg
glass463.jpg,0,images\glass463.jpg
glass464.jpg,0,images\glass464.jpg
glass465.jpg,0,images\glass465.jpg
glass466.jpg,0,images\glass466.jpg
glass467.jpg,0,images\glass467.jpg
glass468.jpg,0,images\glass468.jpg
glass469.jpg,0,images\glass469.jpg
glass47.jpg,0,images\glass47.jpg
glass470.jpg,0,images\glass470.jpg
glass471.jpg,0,images\glass471.jpg
glass472.jpg,0,images\glass472.jpg
glass473.jpg,0,images\glass473.jpg
glass477.jpg,0,images\glass477.jpg
glass478.jpg,0,images\glass478.jpg
glass479.jpg,0,images\glass479.jpg
glass48.jpg,0,images\glass48.jpg
glass480.jpg,0,images\glass480.jpg
glass481.jpg,0,images\glass481.jpg
glass482.jpg,0,images\glass482.jpg
glass483.jpg,0,images\glass483.jpg
glass484.jpg,0,images\glass484.jpg
glass485.jpg,0,images\glass485.jpg
glass486.jpg,0,images\glass486.jpg
glass487.jpg,0,images\glass487.jpg
glass488.jpg,0,images\glass488.jpg
glass489.jpg,0,images\glass489.jpg
glass49.jpg,0,images\glass49.jpg
glass490.jpg,0,images\glass490.jpg
glass491.jpg,0,images\glass491.jpg
glass492.jpg,0,images\glass492.jpg
glass493.jpg,0,images\glass493.jpg
glass494.jpg,0,images\glass494.jpg
glass495.jpg,0,images\glass495.jpg
glass496.jpg,0,images\glass496.jpg
glass497.jpg,0,images\glass497.jpg
glass498.jpg,0,images\glass498.jpg
glass499.jpg,0,images\glass499.jpg
glass5.jpg,0,images\glass5.jpg
glass50.jpg,0,images\glass50.jpg
glass500.jpg,0,images\glass500.jpg
glass501.jpg,0,images\glass501.jpg
glass51.jpg,0,images\glass51.jpg
glass52.jpg,0,images\glass52.jpg
glass53.jpg,0,images\glass53.jpg
glass54.jpg,0,images\glass54.jpg
glass55.jpg,0,images\glass55.jpg
glass56.jpg,0,images\glass56.jpg
glass57.jpg,0,images\glass57.jpg
glass58.jpg,0,images\glass58.jpg
glass59.jpg,0,images\glass59.jpg
glass6.jpg,0,images\glass6.jpg
glass60.jpg,0,images\glass60.jpg
glass61.jpg,0,images\glass61.jpg
glass62.jpg,0,images\glass62.jpg
glass63.jpg,0,images\glass63.jpg
glass64.jpg,0,images\glass64.jpg
glass65.jpg,0,images\glass65.jpg
glass66.jpg,0,images\glass66.jpg
glass67.jpg,0,images\glass67.jpg
glass68.jpg,0,images\glass68.jpg
glass69.jpg,0,images\glass69.jpg
glass7.jpg,0,images\glass7.jpg
glass70.jpg,0,images\glass70.jpg
glass71.jpg,0,images\glass71.jpg
glass72.jpg,0,images\glass72.jpg
glass73.jpg,0,images\glass73.jpg
glass74.jpg,0,images\glass74.jpg
glass75.jpg,0,images\glass75.jpg
glass76.jpg,0,images\glass76.jpg
glass77.jpg,0,images\glass77.jpg
glass78.jpg,0,images\glass78.jpg
glass79.jpg,0,images\glass79.jpg
glass8.jpg,0,images\glass8.jpg
glass80.jpg,0,images\glass80.jpg
glass81.jpg,0,images\glass81.jpg
glass82.jpg,0,images\glass82.jpg
glass83.jpg,0,images\glass83.jpg
glass84.jpg,0,images\glass84.jpg
glass85.jpg,0,images\glass85.jpg
glass86.jpg,0,images\glass86.jpg
glass87.jpg,0,images\glass87.jpg
glass88.jpg,0,images\glass88.jpg
glass89.jpg,0,images\glass89.jpg
glass9.jpg,0,images\glass9.jpg
glass90.jpg,0,images\glass90.jpg
glass91.jpg,0,images\glass91.jpg
glass92.jpg,0,images\glass92.jpg
glass93.jpg,0,images\glass93.jpg
glass94.jpg,0,images\glass94.jpg
glass95.jpg,0,images\glass95.jpg
glass96.jpg,0,images\glass96.jpg
glass97.jpg,0,images\glass97.jpg
glass98.jpg,0,images\glass98.jpg
glass99.jpg,0,images\glass99.jpg
metal36.jpg,0,images\metal36.jpg
metal38.jpg,0,images\metal38.jpg
metal380.jpg,0,images\metal380.jpg
metal381.jpg,0,images\metal381.jpg
metal382.jpg,0,images\metal382.jpg
metal383.jpg,0,images\metal383.jpg
metal384.jpg,0,images\metal384.jpg
metal385.jpg,0,images\metal385.jpg
metal386.jpg,0,images\metal386.jpg
metal387.jpg,0,images\metal387.jpg
metal388.jpg,0,images\metal388.jpg
metal389.jpg,0,images\metal389.jpg
metal39.jpg,0,images\metal39.jpg
metal390.jpg,0,images\metal390.jpg
metal391.jpg,0,images\metal391.jpg
metal392.jpg,0,images\metal392.jpg
metal393.jpg,0,images\metal393.jpg
metal394.jpg,0,images\metal394.jpg
metal395.jpg,0,images\metal395.jpg
metal396.jpg,0,images\metal396.jpg
metal397.jpg,0,images\metal397.jpg
metal398.jpg,0,images\metal398.jpg
metal399.jpg,0,images\metal399.jpg
metal4.jpg,0,images\metal4.jpg
metal40.jpg,0,images\metal40.jpg
metal400.jpg,0,images\metal400.jpg
metal401.jpg,0,images\metal401.jpg
metal402.jpg,0,images\metal402.jpg
metal403.jpg,0,images\metal403.jpg
metal404.jpg,0,images\metal404.jpg
metal405.jpg,0,images\metal405.jpg
metal406.jpg,0,images\metal406.jpg
metal407.jpg,0,images\metal407.jpg
metal408.jpg,0,images\metal408.jpg
metal409.jpg,0,images\metal409.jpg
metal41.jpg,0,images\metal41.jpg
metal410.jpg,0,images\metal410.jpg
metal42.jpg,0,images\metal42.jpg
metal43.jpg,0,images\metal43.jpg
metal44.jpg,0,images\metal44.jpg
metal45.jpg,0,images\metal45.jpg
metal46.jpg,0,images\metal46.jpg
metal47.jpg,0,images\metal47.jpg
metal48.jpg,0,images\metal48.jpg
metal49.jpg,0,images\metal49.jpg
metal5.jpg,0,images\metal5.jpg
metal50.jpg,0,images\metal50.jpg
metal51.jpg,0,images\metal51.jpg
metal52.jpg,0,images\metal52.jpg
metal53.jpg,0,images\metal53.jpg
metal54.jpg,0,images\metal54.jpg
metal55.jpg,0,images\metal55.jpg
metal56.jpg,0,images\metal56.jpg
metal57.jpg,0,images\metal57.jpg
metal58.jpg,0,images\metal58.jpg
metal59.jpg,0,images\metal59.jpg
metal6.jpg,0,images\metal6.jpg
metal60.jpg,0,images\metal60.jpg
metal61.jpg,0,images\metal61.jpg
metal62.jpg,0,images\metal62.jpg
metal63.jpg,0,images\metal63.jpg
metal64.jpg,0,images\metal64.jpg
metal65.jpg,0,images\metal65.jpg
metal66.jpg,0,images\metal66.jpg
metal67.jpg,0,images\metal67.jpg
metal68.jpg,0,images\metal68.jpg
metal69.jpg,0,images\metal69.jpg
metal7.jpg,0,images\metal7.jpg
metal70.jpg,0,images\metal70.jpg
metal71.jpg,0,images\metal71.jpg
metal72.jpg,0,images\metal72.jpg
metal73.jpg,0,images\metal73.jpg
metal74.jpg,0,images\metal74.jpg
metal75.jpg,0,images\metal75.jpg
metal76.jpg,0,images\metal76.jpg
metal77.jpg,0,images\metal77.jpg
metal78.jpg,0,images\metal78.jpg
metal79.jpg,0,images\metal79.jpg
metal8.jpg,0,images\metal8.jpg
metal80.jpg,0,images\metal80.jpg
metal81.jpg,0,images\metal81.jpg
metal82.jpg,0,images\metal82.jpg
metal83.jpg,0,images\metal83.jpg
metal84.jpg,0,images\metal84.jpg
metal85.jpg,0,images\metal85.jpg
metal86.jpg,0,images\metal86.jpg
metal87.jpg,0,images\metal87.jpg
metal88.jpg,0,images\metal88.jpg
metal89.jpg,0,images\metal89.jpg
metal9.jpg,0,images\metal9.jpg
metal90.jpg,0,images\metal90.jpg
metal91.jpg,0,images\metal91.jpg
metal92.jpg,0,images\metal92.jpg
metal93.jpg,0,images\metal93.jpg
metal94.jpg,0,images\metal94.jpg
metal95.jpg,0,images\metal95.jpg
metal96.jpg,0,images\metal96.jpg
metal97.jpg,0,images\metal97.jpg
metal98.jpg,0,images\metal98.jpg
metal99.jpg,0,images\metal99.jpg
paper535.jpg,0,images\paper535.jpg
paper536.jpg,0,images\paper536.jpg
paper537.jpg,0,images\paper537.jpg
paper538.jpg,0,images\paper538.jpg
paper539.jpg,0,images\paper539.jpg
paper54.jpg,0,images\paper54.jpg
paper540.jpg,0,images\paper540.jpg
paper541.jpg,0,images\paper541.jpg
paper542.jpg,0,images\paper542.jpg
paper543.jpg,0,images\paper543.jpg
paper544.jpg,0,images\paper544.jpg
paper545.jpg,0,images\paper545.jpg
paper546.jpg,0,images\paper546.jpg
paper547.jpg,0,images\paper547.jpg
paper548.jpg,0,images\paper548.jpg
paper549.jpg,0,images\paper549.jpg
paper55.jpg,0,images\paper55.jpg
paper56.jpg,0,images\paper56.jpg
paper560.jpg,0,images\paper560.jpg
paper561.jpg,0,images\paper561.jpg
paper562.jpg,0,images\paper562.jpg
paper563.jpg,0,images\paper563.jpg
paper564.jpg,0,images\paper564.jpg
paper565.jpg,0,images\paper565.jpg
paper566.jpg,0,images\paper566.jpg
paper567.jpg,0,images\paper567.jpg
paper568.jpg,0,images\paper568.jpg
paper569.jpg,0,images\paper569.jpg
paper57.jpg,0,images\paper57.jpg
paper570.jpg,0,images\paper570.jpg
paper571.jpg,0,images\paper571.jpg
paper572.jpg,0,images\paper572.jpg
paper573.jpg,0,images\paper573.jpg
paper574.jpg,0,images\paper574.jpg
paper575.jpg,0,images\paper575.jpg
paper576.jpg,0,images\paper576.jpg
paper577.jpg,0,images\paper577.jpg
paper578.jpg,0,images\paper578.jpg
paper579.jpg,0,images\paper579.jpg
paper58.jpg,0,images\paper58.jpg
paper580.jpg,0,images\paper580.jpg
paper581.jpg,0,images\paper581.jpg
paper582.jpg,0,images\paper582.jpg
paper583.jpg,0,images\paper583.jpg
paper584.jpg,0,images\paper584.jpg
paper585.jpg,0,images\paper585.jpg
paper586.jpg,0,images\paper586.jpg
paper587.jpg,0,images\paper587.jpg
paper588.jpg,0,images\paper588.jpg
paper589.jpg,0,images\paper589.jpg
paper59.jpg,0,images\paper59.jpg
paper590.jpg,0,images\paper590.jpg
paper591.jpg,0,images\paper591.jpg
paper592.jpg,0,images\paper592.jpg
paper593.jpg,0,images\paper593.jpg
paper594.jpg,0,images\paper594.jpg
paper6.jpg,0,images\paper6.jpg
paper60.jpg,0,images\paper60.jpg
paper61.jpg,0,images\paper61.jpg
paper62.jpg,0,images\paper62.jpg
paper63.jpg,0,images\paper63.jpg
paper64.jpg,0,images\paper64.jpg
paper65.jpg,0,images\paper65.jpg
paper66.jpg,0,images\paper66.jpg
paper67.jpg,0,images\paper67.jpg
paper68.jpg,0,images\paper68.jpg
paper69.jpg,0,images\paper69.jpg
paper7.jpg,0,images\paper7.jpg
paper70.jpg,0,images\paper70.jpg
paper71.jpg,0,images\paper71.jpg
paper72.jpg,0,images\paper72.jpg
paper73.jpg,0,images\paper73.jpg
paper74.jpg,0,images\paper74.jpg
paper75.jpg,0,images\paper75.jpg
paper76.jpg,0,images\paper76.jpg
paper77.jpg,0,images\paper77.jpg
paper78.jpg,0,images\paper78.jpg
paper79.jpg,0,images\paper79.jpg
paper8.jpg,0,images\paper8.jpg
paper80.jpg,0,images\paper80.jpg
paper81.jpg,0,images\paper81.jpg
paper82.jpg,0,images\paper82.jpg
paper83.jpg,0,images\paper83.jpg
paper84.jpg,0,images\paper84.jpg
paper85.jpg,0,images\paper85.jpg
paper86.jpg,0,images\paper86.jpg
paper87.jpg,0,images\paper87.jpg
paper88.jpg,0,images\paper88.jpg
paper89.jpg,0,images\paper89.jpg
paper9.jpg,0,images\paper9.jpg
paper90.jpg,0,images\paper90.jpg
paper91.jpg,0,images\paper91.jpg
paper92.jpg,0,images\paper92.jpg
paper93.jpg,0,images\paper93.jpg
paper94.jpg,0,images\paper94.jpg
paper95.jpg,0,images\paper95.jpg
paper96.jpg,0,images\paper96.jpg
paper97.jpg,0,images\paper97.jpg
paper98.jpg,0,images\paper98.jpg
paper99.jpg,0,images\paper99.jpg
plastic1.jpg,1,images\plastic1.jpg
plastic10.jpg,1,images\plastic10.jpg
plastic100.jpg,1,images\plastic100.jpg
plastic101.jpg,1,images\plastic101.jpg
plastic102.jpg,1,images\plastic102.jpg
plastic103.jpg,1,images\plastic103.jpg
plastic104.jpg,1,images\plastic104.jpg
plastic105.jpg,1,images\plastic105.jpg
plastic106.jpg,1,images\plastic106.jpg
plastic107.jpg,1,images\plastic107.jpg
plastic108.jpg,1,images\plastic108.jpg
plastic109.jpg,1,images\plastic109.jpg
plastic11.jpg,1,images\plastic11.jpg
plastic110.jpg,1,images\plastic110.jpg
plastic111.jpg,1,images\plastic111.jpg
plastic112.jpg,1,images\plastic112.jpg
plastic113.jpg,1,images\plastic113.jpg
plastic114.jpg,1,images\plastic114.jpg
plastic115.jpg,1,images\plastic115.jpg
plastic116.jpg,1,images\plastic116.jpg
plastic117.jpg,1,images\plastic117.jpg
plastic118.jpg,1,images\plastic118.jpg
plastic119.jpg,1,images\plastic119.jpg
plastic12.jpg,1,images\plastic12.jpg
plastic120.jpg,1,images\plastic120.jpg
plastic121.jpg,1,images\plastic121.jpg
plastic122.jpg,1,images\plastic122.jpg
plastic123.jpg,1,images\plastic123.jpg
plastic124.jpg,1,images\plastic124.jpg
plastic125.jpg,1,images\plastic125.jpg
plastic126.jpg,1,images\plastic126.jpg
plastic127.jpg,1,images\plastic127.jpg
plastic128.jpg,1,images\plastic128.jpg
plastic129.jpg,1,images\plastic129.jpg
plastic13.jpg,1,images\plastic13.jpg
plastic130.jpg,1,images\plastic130.jpg
plastic131.jpg,1,images\plastic131.jpg
plastic132.jpg,1,images\plastic132.jpg
plastic133.jpg,1,images\plastic133.jpg
plastic134.jpg,1,images\plastic134.jpg
plastic135.jpg,1,images\plastic135.jpg
plastic136.jpg,1,images\plastic136.jpg
plastic137.jpg,1,images\plastic137.jpg
plastic138.jpg,1,images\plastic138.jpg
plastic139.jpg,1,images\plastic139.jpg
plastic14.jpg,1,images\plastic14.jpg
plastic140.jpg,1,images\plastic140.jpg
plastic141.jpg,1,images\plastic141.jpg
plastic142.jpg,1,images\plastic142.jpg
plastic143.jpg,1,images\plastic143.jpg
plastic144.jpg,1,images\plastic144.jpg
plastic145.jpg,1,images\plastic145.jpg
plastic146.jpg,1,images\plastic146.jpg
plastic147.jpg,1,images\plastic147.jpg
plastic148.jpg,1,images\plastic148.jpg
plastic149.jpg,1,images\plastic149.jpg
plastic15.jpg,1,images\plastic15.jpg
plastic150.jpg,1,images\plastic150.jpg
plastic151.jpg,1,images\plastic151.jpg
plastic152.jpg,1,images\plastic152.jpg
plastic153.jpg,1,images\plastic153.jpg
plastic154.jpg,1,images\plastic154.jpg
plastic155.jpg,1,images\plastic155.jpg
plastic156.jpg,1,images\plastic156.jpg
plastic157.jpg,1,images\plastic157.jpg
plastic158.jpg,1,images\plastic158.jpg
plastic159.jpg,1,images\plastic159.jpg
plastic16.jpg,1,images\plastic16.jpg
plastic160.jpg,1,images\plastic160.jpg
plastic161.jpg,1,images\plastic161.jpg
plastic162.jpg,1,images\plastic162.jpg
plastic163.jpg,1,images\plastic163.jpg
plastic164.jpg,1,images\plastic164.jpg
plastic165.jpg,1,images\plastic165.jpg
plastic166.jpg,1,images\plastic166.jpg
plastic167.jpg,1,images\plastic167.jpg
plastic168.jpg,1,images\plastic168.jpg
plastic169.jpg,1,images\plastic169.jpg
plastic17.jpg,1,images\plastic17.jpg
plastic170.jpg,1,images\plastic170.jpg
plastic171.jpg,1,images\plastic171.jpg
plastic172.jpg,1,images\plastic172.jpg
plastic173.jpg,1,images\plastic173.jpg
plastic174.jpg,1,images\plastic174.jpg
plastic175.jpg,1,images\plastic175.jpg
plastic176.jpg,1,images\plastic176.jpg
plastic177.jpg,1,images\plastic177.jpg
plastic178.jpg,1,images\plastic178.jpg
plastic179.jpg,1,images\plastic179.jpg
plastic18.jpg,1,images\plastic18.jpg
plastic180.jpg,1,images\plastic180.jpg
plastic181.jpg,1,images\plastic181.jpg
plastic182.jpg,1,images\plastic182.jpg
plastic183.jpg,1,images\plastic183.jpg
plastic184.jpg,1,images\plastic184.jpg
plastic185.jpg,1,images\plastic185.jpg
plastic186.jpg,1,images\plastic186.jpg
plastic187.jpg,1,images\plastic187.jpg
plastic188.jpg,1,images\plastic188.jpg
plastic189.jpg,1,images\plastic189.jpg
plastic19.jpg,1,images\plastic19.jpg
plastic190.jpg,1,images\plastic190.jpg
plastic191.jpg,1,images\plastic191.jpg
plastic192.jpg,1,images\plastic192.jpg
plastic193.jpg,1,images\plastic193.jpg
plastic194.jpg,1,images\plastic194.jpg
plastic195.jpg,1,images\plastic195.jpg
plastic196.jpg,1,images\plastic196.jpg
plastic197.jpg,1,images\plastic197.jpg
plastic198.jpg,1,images\plastic198.jpg
plastic199.jpg,1,images\plastic199.jpg
plastic2.jpg,1,images\plastic2.jpg
plastic20.jpg,1,images\plastic20.jpg
plastic200.jpg,1,images\plastic200.jpg
plastic201.jpg,1,images\plastic201.jpg
plastic202.jpg,1,images\plastic202.jpg
plastic203.jpg,1,images\plastic203.jpg
plastic204.jpg,1,images\plastic204.jpg
plastic205.jpg,1,images\plastic205.jpg
plastic206.jpg,1,images\plastic206.jpg
plastic207.jpg,1,images\plastic207.jpg
plastic208.jpg,1,images\plastic208.jpg
plastic209.jpg,1,images\plastic209.jpg
plastic21.jpg,1,images\plastic21.jpg
plastic210.jpg,1,images\plastic210.jpg
plastic211.jpg,1,images\plastic211.jpg
plastic212.jpg,1,images\plastic212.jpg
plastic213.jpg,1,images\plastic213.jpg
plastic214.jpg,1,images\plastic214.jpg
plastic215.jpg,1,images\plastic215.jpg
plastic216.jpg,1,images\plastic216.jpg
plastic217.jpg,1,images\plastic217.jpg
plastic218.jpg,1,images\plastic218.jpg
plastic219.jpg,1,images\plastic219.jpg
plastic22.jpg,1,images\plastic22.jpg
plastic220.jpg,1,images\plastic220.jpg
plastic221.jpg,1,images\plastic221.jpg
plastic222.jpg,1,images\plastic222.jpg
plastic223.jpg,1,images\plastic223.jpg
plastic224.jpg,1,images\plastic224.jpg
plastic225.jpg,1,images\plastic225.jpg
plastic226.jpg,1,images\plastic226.jpg
plastic227.jpg,1,images\plastic227.jpg
plastic228.jpg,1,images\plastic228.jpg
plastic229.jpg,1,images\plastic229.jpg
plastic23.jpg,1,images\plastic23.jpg
plastic230.jpg,1,images\plastic230.jpg
plastic231.jpg,1,images\plastic231.jpg
plastic232.jpg,1,images\plastic232.jpg
plastic233.jpg,1,images\plastic233.jpg
plastic234.jpg,1,images\plastic234.jpg
plastic235.jpg,1,images\plastic235.jpg
plastic236.jpg,1,images\plastic236.jpg
plastic237.jpg,1,images\plastic237.jpg
plastic238.jpg,1,images\plastic238.jpg
plastic239.jpg,1,images\plastic239.jpg
plastic24.jpg,1,images\plastic24.jpg
plastic240.jpg,1,images\plastic240.jpg
plastic241.jpg,1,images\plastic241.jpg
plastic242.jpg,1,images\plastic242.jpg
plastic243.jpg,1,images\plastic243.jpg
plastic244.jpg,1,images\plastic244.jpg
plastic245.jpg,1,images\plastic245.jpg
plastic246.jpg,1,images\plastic246.jpg
plastic247.jpg,1,images\plastic247.jpg
plastic248.jpg,1,images\plastic248.jpg
plastic249.jpg,1,images\plastic249.jpg
plastic25.jpg,1,images\plastic25.jpg
plastic250.jpg,1,images\plastic250.jpg
plastic251.jpg,1,images\plastic251.jpg
plastic252.jpg,1,images\plastic252.jpg
plastic253.jpg,1,images\plastic253.jpg
plastic254.jpg,1,images\plastic254.jpg
plastic255.jpg,1,images\plastic255.jpg
plastic256.jpg,1,images\plastic256.jpg
plastic257.jpg,1,images\plastic257.jpg
plastic258.jpg,1,images\plastic258.jpg
plastic259.jpg,1,images\plastic259.jpg
plastic26.jpg,1,images\plastic26.jpg
plastic260.jpg,1,images\plastic260.jpg
plastic261.jpg,1,images\plastic261.jpg
plastic262.jpg,1,images\plastic262.jpg
plastic263.jpg,1,images\plastic263.jpg
plastic264.jpg,1,images\plastic264.jpg
plastic265.jpg,1,images\plastic265.jpg
plastic266.jpg,1,images\plastic266.jpg
plastic267.jpg,1,images\plastic267.jpg
plastic268.jpg,1,images\plastic268.jpg
plastic269.jpg,1,images\plastic269.jpg
plastic27.jpg,1,images\plastic27.jpg
plastic270.jpg,1,images\plastic270.jpg
plastic271.jpg,1,images\plastic271.jpg
plastic272.jpg,1,images\plastic272.jpg
plastic273.jpg,1,images\plastic273.jpg
plastic274.jpg,1,images\plastic274.jpg
plastic275.jpg,1,images\plastic275.jpg
plastic276.jpg,1,images\plastic276.jpg
plastic277.jpg,1,images\plastic277.jpg
plastic278.jpg,1,images\plastic278.jpg
plastic279.jpg,1,images\plastic279.jpg
plastic28.jpg,1,images\plastic28.jpg
plastic280.jpg,1,images\plastic280.jpg
plastic281.jpg,1,images\plastic281.jpg
plastic282.jpg,1,images\plastic282.jpg
plastic283.jpg,1,images\plastic283.jpg
plastic284.jpg,1,images\plastic284.jpg
plastic285.jpg,1,images\plastic285.jpg
plastic286.jpg,1,images\plastic286.jpg
plastic287.jpg,1,images\plastic287.jpg
plastic288.jpg,1,images\plastic288.jpg
plastic289.jpg,1,images\plastic289.jpg
plastic29.jpg,1,images\plastic29.jpg
plastic290.jpg,1,images\plastic290.jpg
plastic291.jpg,1,images\plastic291.jpg
plastic292.jpg,1,images\plastic292.jpg
plastic293.jpg,1,images\plastic293.jpg
plastic294.jpg,1,images\plastic294.jpg
plastic295.jpg,1,images\plastic295.jpg
plastic296.jpg,1,images\plastic296.jpg
plastic297.jpg,1,images\plastic297.jpg
plastic298.jpg,1,images\plastic298.jpg
plastic299.jpg,1,images\plastic299.jpg
plastic3.jpg,1,images\plastic3.jpg
plastic30.jpg,1,images\plastic30.jpg
plastic300.jpg,1,images\plastic300.jpg
plastic301.jpg,1,images\plastic301.jpg
plastic302.jpg,1,images\plastic302.jpg
plastic303.jpg,1,images\plastic303.jpg
plastic304.jpg,1,images\plastic304.jpg
plastic305.jpg,1,images\plastic305.jpg
plastic306.jpg,1,images\plastic306.jpg
plastic307.jpg,1,images\plastic307.jpg
plastic308.jpg,1,images\plastic308.jpg
plastic309.jpg,1,images\plastic309.jpg
plastic31.jpg,1,images\plastic31.jpg
plastic310.jpg,1,images\plastic310.jpg
plastic311.jpg,1,images\plastic311.jpg
plastic312.jpg,1,images\plastic312.jpg
plastic313.jpg,1,images\plastic313.jpg
plastic314.jpg,1,images\plastic314.jpg
plastic315.jpg,1,images\plastic315.jpg
plastic316.jpg,1,images\plastic316.jpg
plastic317.jpg,1,images\plastic317.jpg
plastic318.jpg,1,images\plastic318.jpg
plastic319.jpg,1,images\plastic319.jpg
plastic32.jpg,1,images\plastic32.jpg
plastic320.jpg,1,images\plastic320.jpg
plastic321.jpg,1,images\plastic321.jpg
plastic322.jpg,1,images\plastic322.jpg
plastic323.jpg,1,images\plastic323.jpg
plastic324.jpg,1,images\plastic324.jpg
plastic325.jpg,1,images\plastic325.jpg
plastic326.jpg,1,images\plastic326.jpg
plastic327.jpg,1,images\plastic327.jpg
plastic328.jpg,1,images\plastic328.jpg
plastic329.jpg,1,images\plastic329.jpg
plastic33.jpg,1,images\plastic33.jpg
plastic330.jpg,1,images\plastic330.jpg
plastic331.jpg,1,images\plastic331.jpg
plastic332.jpg,1,images\plastic332.jpg
plastic333.jpg,1,images\plastic333.jpg
plastic334.jpg,1,images\plastic334.jpg
plastic335.jpg,1,images\plastic335.jpg
plastic336.jpg,1,images\plastic336.jpg
plastic337.jpg,1,images\plastic337.jpg
plastic338.jpg,1,images\plastic338.jpg
plastic339.jpg,1,images\plastic339.jpg
plastic34.jpg,1,images\plastic34.jpg
plastic340.jpg,1,images\plastic340.jpg
plastic341.jpg,1,images\plastic341.jpg
plastic342.jpg,1,images\plastic342.jpg
plastic343.jpg,1,images\plastic343.jpg
plastic344.jpg,1,images\plastic344.jpg
plastic345.jpg,1,images\plastic345.jpg
plastic346.jpg,1,images\plastic346.jpg
plastic347.jpg,1,images\plastic347.jpg
plastic348.jpg,1,images\plastic348.jpg
plastic349.jpg,1,images\plastic349.jpg
plastic35.jpg,1,images\plastic35.jpg
plastic350.jpg,1,images\plastic350.jpg
plastic351.jpg,1,images\plastic351.jpg
plastic352.jpg,1,images\plastic352.jpg
plastic353.jpg,1,images\plastic353.jpg
plastic354.jpg,1,images\plastic354.jpg
plastic355.jpg,1,images\plastic355.jpg
plastic356.jpg,1,images\plastic356.jpg
plastic357.jpg,1,images\plastic357.jpg
plastic358.jpg,1,images\plastic358.jpg
plastic359.jpg,1,images\plastic359.jpg
plastic36.jpg,1,images\plastic36.jpg
plastic360.jpg,1,images\plastic360.jpg
plastic361.jpg,1,images\plastic361.jpg
plastic362.jpg,1,images\plastic362.jpg
plastic363.jpg,1,images\plastic363.jpg
plastic364.jpg,1,images\plastic364.jpg
plastic365.jpg,1,images\plastic365.jpg
plastic366.jpg,1,images\plastic366.jpg
plastic367.jpg,1,images\plastic367.jpg
plastic368.jpg,1,images\plastic368.jpg
plastic369.jpg,1,images\plastic369.jpg
plastic37.jpg,1,images\plastic37.jpg
plastic370.jpg,1,images\plastic370.jpg
plastic371.jpg,1,images\plastic371.jpg
plastic372.jpg,1,images\plastic372.jpg
plastic373.jpg,1,images\plastic373.jpg
plastic374.jpg,1,images\plastic374.jpg
plastic375.jpg,1,images\plastic375.jpg
plastic376.jpg,1,images\plastic376.jpg
plastic377.jpg,1,images\plastic377.jpg
plastic378.jpg,1,images\plastic378.jpg
plastic379.jpg,1,images\plastic379.jpg
plastic38.jpg,1,images\plastic38.jpg
plastic380.jpg,1,images\plastic380.jpg
plastic381.jpg,1,images\plastic381.jpg
plastic382.jpg,1,images\plastic382.jpg
plastic383.jpg,1,images\plastic383.jpg
plastic384.jpg,1,images\plastic384.jpg
plastic385.jpg,1,images\plastic385.jpg
plastic386.jpg,1,images\plastic386.jpg
plastic387.jpg,1,images\plastic387.jpg
plastic388.jpg,1,images\plastic388.jpg
plastic389.jpg,1,images\plastic389.jpg
plastic39.jpg,1,images\plastic39.jpg
plastic390.jpg,1,images\plastic390.jpg
plastic391.jpg,1,images\plastic391.jpg
plastic392.jpg,1,images\plastic392.jpg
plastic393.jpg,1,images\plastic393.jpg
plastic394.jpg,1,images\plastic394.jpg
plastic395.jpg,1,images\plastic395.jpg
plastic396.jpg,1,images\plastic396.jpg
plastic397.jpg,1,images\plastic397.jpg
plastic398.jpg,1,images\plastic398.jpg
plastic399.jpg,1,images\plastic399.jpg
plastic4.jpg,1,images\plastic4.jpg
plastic40.jpg,1,images\plastic40.jpg
plastic400.jpg,1,images\plastic400.jpg
plastic401.jpg,1,images\plastic401.jpg
plastic402.jpg,1,images\plastic402.jpg
plastic403.jpg,1,images\plastic403.jpg
plastic404.jpg,1,images\plastic404.jpg
plastic405.jpg,1,images\plastic405.jpg
plastic406.jpg,1,images\plastic406.jpg
plastic407.jpg,1,images\plastic407.jpg
plastic408.jpg,1,images\plastic408.jpg
plastic409.jpg,1,images\plastic409.jpg
plastic41.jpg,1,images\plastic41.jpg
plastic410.jpg,1,images\plastic410.jpg
plastic411.jpg,1,images\plastic411.jpg
plastic412.jpg,1,images\plastic412.jpg
plastic413.jpg,1,images\plastic413.jpg
plastic414.jpg,1,images\plastic414.jpg
plastic415.jpg,1,images\plastic415.jpg
plastic416.jpg,1,images\plastic416.jpg
plastic417.jpg,1,images\plastic417.jpg
plastic418.jpg,1,images\plastic418.jpg
plastic419.jpg,1,images\plastic419.jpg
plastic42.jpg,1,images\plastic42.jpg
plastic420.jpg,1,images\plastic420.jpg
plastic421.jpg,1,images\plastic421.jpg
plastic422.jpg,1,images\plastic422.jpg
plastic423.jpg,1,images\plastic423.jpg
plastic424.jpg,1,images\plastic424.jpg
plastic425.jpg,1,images\plastic425.jpg
plastic426.jpg,1,images\plastic426.jpg
plastic427.jpg,1,images\plastic427.jpg
plastic428.jpg,1,images\plastic428.jpg
plastic429.jpg,1,images\plastic429.jpg
plastic43.jpg,1,images\plastic43.jpg
plastic430.jpg,1,images\plastic430.jpg
plastic431.jpg,1,images\plastic431.jpg
plastic432.jpg,1,images\plastic432.jpg
plastic433.jpg,1,images\plastic433.jpg
plastic434.jpg,1,images\plastic434.jpg
plastic435.jpg,1,images\plastic435.jpg
plastic436.jpg,1,images\plastic436.jpg
plastic437.jpg,1,images\plastic437.jpg
plastic438.jpg,1,images\plastic438.jpg
plastic439.jpg,1,images\plastic439.jpg
plastic44.jpg,1,images\plastic44.jpg
plastic440.jpg,1,images\plastic440.jpg
plastic441.jpg,1,images\plastic441.jpg
plastic442.jpg,1,images\plastic442.jpg
plastic443.jpg,1,images\plastic443.jpg
plastic444.jpg,1,images\plastic444.jpg
plastic445.jpg,1,images\plastic445.jpg
plastic446.jpg,1,images\plastic446.jpg
plastic447.jpg,1,images\plastic447.jpg
plastic448.jpg,1,images\plastic448.jpg
plastic449.jpg,1,images\plastic449.jpg
plastic45.jpg,1,images\plastic45.jpg
plastic450.jpg,1,images\plastic450.jpg
plastic451.jpg,1,images\plastic451.jpg
plastic452.jpg,1,images\plastic452.jpg
plastic453.jpg,1,images\plastic453.jpg
plastic454.jpg,1,images\plastic454.jpg
plastic455.jpg,1,images\plastic455.jpg
plastic456.jpg,1,images\plastic456.jpg
plastic457.jpg,1,images\plastic457.jpg
plastic458.jpg,1,images\plastic458.jpg
plastic459.jpg,1,images\plastic459.jpg
plastic46.jpg,1,images\plastic46.jpg
plastic460.jpg,1,images\plastic460.jpg
plastic461.jpg,1,images\plastic461.jpg
plastic462.jpg,1,images\plastic462.jpg
plastic463.jpg,1,images\plastic463.jpg
plastic464.jpg,1,images\plastic464.jpg
plastic465.jpg,1,images\plastic465.jpg
plastic466.jpg,1,images\plastic466.jpg
plastic467.jpg,1,images\plastic467.jpg
plastic468.jpg,1,images\plastic468.jpg
plastic469.jpg,1,images\plastic469.jpg
plastic47.jpg,1,images\plastic47.jpg
plastic470.jpg,1,images\plastic470.jpg
plastic471.jpg,1,images\plastic471.jpg
plastic472.jpg,1,images\plastic472.jpg
plastic473.jpg,1,images\plastic473.jpg
plastic474.jpg,1,images\plastic474.jpg
plastic475.jpg,1,images\plastic475.jpg
plastic476.jpg,1,images\plastic476.jpg
plastic477.jpg,1,images\plastic477.jpg
plastic478.jpg,1,images\plastic478.jpg
plastic479.jpg,1,images\plastic479.jpg
plastic48.jpg,1,images\plastic48.jpg
plastic480.jpg,1,images\plastic480.jpg
plastic481.jpg,1,images\plastic481.jpg
plastic482.jpg,1,images\plastic482.jpg
plastic49.jpg,1,images\plastic49.jpg
plastic5.jpg,1,images\plastic5.jpg
plastic50.jpg,1,images\plastic50.jpg
plastic51.jpg,1,images\plastic51.jpg
plastic52.jpg,1,images\plastic52.jpg
plastic53.jpg,1,images\plastic53.jpg
plastic54.jpg,1,images\plastic54.jpg
plastic55.jpg,1,images\plastic55.jpg
plastic56.jpg,1,images\plastic56.jpg
plastic57.jpg,1,images\plastic57.jpg
plastic58.jpg,1,images\plastic58.jpg
plastic59.jpg,1,images\plastic59.jpg
plastic6.jpg,1,images\plastic6.jpg
plastic60.jpg,1,images\plastic60.jpg
plastic61.jpg,1,images\plastic61.jpg
plastic62.jpg,1,images\plastic62.jpg
plastic63.jpg,1,images\plastic63.jpg
plastic64.jpg,1,images\plastic64.jpg
plastic65.jpg,1,images\plastic65.jpg
plastic66.jpg,1,images\plastic66.jpg
plastic67.jpg,1,images\plastic67.jpg
plastic68.jpg,1,images\plastic68.jpg
plastic69.jpg,1,images\plastic69.jpg
plastic7.jpg,1,images\plastic7.jpg
plastic70.jpg,1,images\plastic70.jpg
plastic71.jpg,1,images\plastic71.jpg
plastic72.jpg,1,images\plastic72.jpg
plastic73.jpg,1,images\plastic73.jpg
plastic74.jpg,1,images\plastic74.jpg
plastic75.jpg,1,images\plastic75.jpg
plastic76.jpg,1,images\plastic76.jpg
plastic77.jpg,1,images\plastic77.jpg
plastic78.jpg,1,images\plastic78.jpg
plastic79.jpg,1,images\plastic79.jpg
plastic8.jpg,1,images\plastic8.jpg
plastic80.jpg,1,images\plastic80.jpg
plastic81.jpg,1,images\plastic81.jpg
plastic82.jpg,1,images\plastic82.jpg
plastic83.jpg,1,images\plastic83.jpg
plastic84.jpg,1,images\plastic84.jpg
plastic85.jpg,1,images\plastic85.jpg
plastic86.jpg,1,images\plastic86.jpg
plastic87.jpg,1,images\plastic87.jpg
plastic88.jpg,1,images\plastic88.jpg
plastic89.jpg,1,images\plastic89.jpg
plastic9.jpg,1,images\plastic9.jpg
plastic90.jpg,1,images\plastic90.jpg
plastic91.jpg,1,images\plastic91.jpg
plastic92.jpg,1,images\plastic92.jpg
plastic93.jpg,1,images\plastic93.jpg
plastic94.jpg,1,images\plastic94.jpg
plastic95.jpg,1,images\plastic95.jpg
plastic96.jpg,1,images\plastic96.jpg
plastic97.jpg,1,images\plastic97.jpg
plastic98.jpg,1,images\plastic98.jpg
plastic99.jpg,1,images\plastic99.jpg
trash16.jpg,0,images\trash16.jpg
trash17.jpg,0,images\trash17.jpg
trash18.jpg,0,images\trash18.jpg
trash19.jpg,0,images\trash19.jpg
trash2.jpg,0,images\trash2.jpg
trash20.jpg,0,images\trash20.jpg
trash21.jpg,0,images\trash21.jpg
trash22.jpg,0,images\trash22.jpg
trash3.jpg,0,images\trash3.jpg
trash33.jpg,0,images\trash33.jpg
trash34.jpg,0,images\trash34.jpg
trash35.jpg,0,images\trash35.jpg
trash36.jpg,0,images\trash36.jpg
trash37.jpg,0,images\trash37.jpg
trash38.jpg,0,images\trash38.jpg
trash39.jpg,0,images\trash39.jpg
trash4.jpg,0,images\trash4.jpg
trash40.jpg,0,images\trash40.jpg
trash41.jpg,0,images\trash41.jpg
trash42.jpg,0,images\trash42.jpg
trash43.jpg,0,images\trash43.jpg
trash44.jpg,0,images\trash44.jpg
trash45.jpg,0,images\trash45.jpg
trash46.jpg,0,images\trash46.jpg
trash47.jpg,0,images\trash47.jpg
trash48.jpg,0,images\trash48.jpg
trash49.jpg,0,images\trash49.jpg
trash5.jpg,0,images\trash5.jpg
trash50.jpg,0,images\trash50.jpg
trash51.jpg,0,images\trash51.jpg
trash52.jpg,0,images\trash52.jpg
trash53.jpg,0,images\trash53.jpg
trash54.jpg,0,images\trash54.jpg
trash55.jpg,0,images\trash55.jpg
trash56.jpg,0,images\trash56.jpg
trash57.jpg,0,images\trash57.jpg
trash58.jpg,0,images\trash58.jpg
trash59.jpg,0,images\trash59.jpg
trash6.jpg,0,images\trash6.jpg
trash60.jpg,0,images\trash60.jpg
trash61.jpg,0,images\trash61.jpg
trash62.jpg,0,images\trash62.jpg
trash63.jpg,0,images\trash63.jpg
trash64.jpg,0,images\trash64.jpg
trash65.jpg,0,images\trash65.jpg
trash66.jpg,0,images\trash66.jpg
trash67.jpg,0,images\trash67.jpg
trash68.jpg,0,images\trash68.jpg
trash69.jpg,0,images\trash69.jpg
trash7.jpg,0,images\trash7.jpg
trash70.jpg,0,images\trash70.jpg
trash71.jpg,0,images\trash71.jpg
trash72.jpg,0,images\trash72.jpg
trash73.jpg,0,images\trash73.jpg
trash74.jpg,0,images\trash74.jpg
trash75.jpg,0,images\trash75.jpg
trash76.jpg,0,images\trash76.jpg
trash77.jpg,0,images\trash77.jpg
trash78.jpg,0,images\trash78.jpg
trash79.jpg,0,images\trash79.jpg
trash8.jpg,0,images\trash8.jpg
trash80.jpg,0,images\trash80.jpg
trash81.jpg,0,images\trash81.jpg
trash82.jpg,0,images\trash82.jpg
trash83.jpg,0,images\trash83.jpg
trash84.jpg,0,images\trash84.jpg
trash85.jpg,0,images\trash85.jpg
trash86.jpg,0,images\trash86.jpg
trash87.jpg,0,images\trash87.jpg
trash88.jpg,0,images\trash88.jpg
trash89.jpg,0,images\trash89.jpg
trash9.jpg,0,images\trash9.jpg
trash90.jpg,0,images\trash90.jpg
trash91.jpg,0,images\trash91.jpg
trash92.jpg,0,images\trash92.jpg
trash93.jpg,0,images\trash93.jpg
trash94.jpg,0,images\trash94.jpg
trash95.jpg,0,images\trash95.jpg
trash96.jpg,0,images\trash96.jpg
trash97.jpg,0,images\trash97.jpg
trash98.jpg,0,images\trash98.jpg
trash99.jpg,0,images\trash99.jpg
