Iteration,Params,Architecture,Mean Accuracy,Mean F0.5
1,"{'lr': 0.01, 'epochs': 5, 'batch_size': 8, 'optimizer': <class 'torch.optim.adam.Adam'>, 'pooling_after_conv': True, 'dropout_rate': 0.5, 'weight_decay': 1e-05}","{'num_conv_layers': 2, 'filters': 64, 'kernel_sizes': 5, 'use_batch_norm': True, 'dropout_rate': 0.5, 'pooling_type': 'avg', 'num_fc_layers': 2, 'fc_units': 128}",tensor(0.6266),0.0
2,"{'lr': 0.1, 'epochs': 10, 'batch_size': 32, 'optimizer': <class 'torch.optim.sgd.SGD'>, 'pooling_after_conv': True, 'dropout_rate': 0.1, 'weight_decay': 0.0001}","{'num_conv_layers': 2, 'filters': 16, 'kernel_sizes': 5, 'use_batch_norm': True, 'dropout_rate': 0.1, 'pooling_type': 'avg', 'num_fc_layers': 2, 'fc_units': 128}",tensor(0.6281),0.0
1,"{'lr': 0.01, 'epochs': 5, 'batch_size': 8, 'optimizer': <class 'torch.optim.adam.Adam'>, 'pooling_after_conv': True, 'dropout_rate': 0.5, 'weight_decay': 1e-05}","{'num_conv_layers': 2, 'filters': 64, 'kernel_sizes': 5, 'use_batch_norm': True, 'dropout_rate': 0.5, 'pooling_type': 'avg', 'num_fc_layers': 2, 'fc_units': 128}",mean accuracy:,tensor(0.6266),mean F0.5:,0.0
2,"{'lr': 0.1, 'epochs': 10, 'batch_size': 32, 'optimizer': <class 'torch.optim.sgd.SGD'>, 'pooling_after_conv': True, 'dropout_rate': 0.1, 'weight_decay': 0.0001}","{'num_conv_layers': 2, 'filters': 16, 'kernel_sizes': 5, 'use_batch_norm': True, 'dropout_rate': 0.1, 'pooling_type': 'avg', 'num_fc_layers': 2, 'fc_units': 128}",mean accuracy:,tensor(0.6281),mean F0.5:,0.0
1,"{'lr': 0.01, 'epochs': 5, 'batch_size': 8, 'optimizer': <class 'torch.optim.adam.Adam'>, 'pooling_after_conv': True, 'dropout_rate': 0.5, 'weight_decay': 1e-05}","{'num_conv_layers': 2, 'filters': 64, 'kernel_sizes': 5, 'use_batch_norm': True, 'dropout_rate': 0.5, 'pooling_type': 'avg', 'num_fc_layers': 2, 'fc_units': 128}",mean accuracy:,tensor(0.6422),mean F0.5:,0.0
2,"{'lr': 0.1, 'epochs': 10, 'batch_size': 32, 'optimizer': <class 'torch.optim.sgd.SGD'>, 'pooling_after_conv': True, 'dropout_rate': 0.1, 'weight_decay': 0.0001}","{'num_conv_layers': 2, 'filters': 16, 'kernel_sizes': 5, 'use_batch_norm': True, 'dropout_rate': 0.1, 'pooling_type': 'avg', 'num_fc_layers': 2, 'fc_units': 128}",mean accuracy:,tensor(0.6680),mean F0.5:,0.0
1,"{'lr': 0.01, 'epochs': 5, 'batch_size': 8, 'optimizer': <class 'torch.optim.adam.Adam'>, 'pooling_after_conv': True, 'dropout_rate': 0.5, 'weight_decay': 1e-05}","{'num_conv_layers': 2, 'filters': 64, 'kernel_sizes': 5, 'use_batch_norm': True, 'dropout_rate': 0.5, 'pooling_type': 'avg', 'num_fc_layers': 2, 'fc_units': 128}",mean accuracy:,tensor(0.6422),mean F0.5:,0.0
2,"{'lr': 0.1, 'epochs': 10, 'batch_size': 32, 'optimizer': <class 'torch.optim.sgd.SGD'>, 'pooling_after_conv': True, 'dropout_rate': 0.1, 'weight_decay': 0.0001}","{'num_conv_layers': 2, 'filters': 16, 'kernel_sizes': 5, 'use_batch_norm': True, 'dropout_rate': 0.1, 'pooling_type': 'avg', 'num_fc_layers': 2, 'fc_units': 128}",mean accuracy:,tensor(0.6664),mean F0.5:,0.0
1,"{'lr': 0.01, 'epochs': 5, 'batch_size': 8, 'optimizer': <class 'torch.optim.adam.Adam'>, 'pooling_after_conv': True, 'dropout_rate': 0.5, 'weight_decay': 1e-05}","{'num_conv_layers': 2, 'filters': 64, 'kernel_sizes': 5, 'use_batch_norm': True, 'dropout_rate': 0.5, 'pooling_type': 'avg', 'num_fc_layers': 2, 'fc_units': 128}",mean accuracy:,tensor(0.6496),mean F0.5:,0.0
2,"{'lr': 0.1, 'epochs': 10, 'batch_size': 32, 'optimizer': <class 'torch.optim.sgd.SGD'>, 'pooling_after_conv': True, 'dropout_rate': 0.1, 'weight_decay': 0.0001}","{'num_conv_layers': 2, 'filters': 16, 'kernel_sizes': 5, 'use_batch_norm': True, 'dropout_rate': 0.1, 'pooling_type': 'avg', 'num_fc_layers': 2, 'fc_units': 128}",mean accuracy:,tensor(0.6053),mean F0.5:,0.0
1,"{'lr': 0.01, 'epochs': 5, 'batch_size': 8, 'optimizer': <class 'torch.optim.adam.Adam'>, 'pooling_after_conv': True, 'dropout_rate': 0.5, 'weight_decay': 1e-05}","{'num_conv_layers': 2, 'filters': 64, 'kernel_sizes': 5, 'use_batch_norm': True, 'dropout_rate': 0.5, 'pooling_type': 'avg', 'num_fc_layers': 2, 'fc_units': 128}",mean accuracy:,tensor(0.6496),mean F0.5:,0.5386873108252794
2,"{'lr': 0.1, 'epochs': 10, 'batch_size': 32, 'optimizer': <class 'torch.optim.sgd.SGD'>, 'pooling_after_conv': True, 'dropout_rate': 0.1, 'weight_decay': 0.0001}","{'num_conv_layers': 2, 'filters': 16, 'kernel_sizes': 5, 'use_batch_norm': True, 'dropout_rate': 0.1, 'pooling_type': 'avg', 'num_fc_layers': 2, 'fc_units': 128}",mean accuracy:,tensor(0.6059),mean F0.5:,0.6341441003148041
1,"{'lr': 0.1, 'epochs': 10, 'batch_size': 8, 'optimizer': <class 'torch.optim.adam.Adam'>, 'pooling_after_conv': False, 'dropout_rate': 0.5, 'weight_decay': 1e-05}","{'num_conv_layers': 2, 'filters': 32, 'kernel_sizes': 5, 'use_batch_norm': False, 'dropout_rate': 0.5, 'pooling_type': 'max', 'num_fc_layers': 2, 'fc_units': 128}",mean accuracy:,tensor(0.4993),mean F0.5:,0.0
2,"{'lr': 0.01, 'epochs': 10, 'batch_size': 16, 'optimizer': <class 'torch.optim.sgd.SGD'>, 'pooling_after_conv': False, 'dropout_rate': 0.3, 'weight_decay': 0.0001}","{'num_conv_layers': 2, 'filters': 16, 'kernel_sizes': 5, 'use_batch_norm': False, 'dropout_rate': 0.3, 'pooling_type': 'max', 'num_fc_layers': 2, 'fc_units': 256}",mean accuracy:,tensor(0.5938),mean F0.5:,0.49342625481397395
1,"{'lr': 0.01, 'epochs': 15, 'batch_size': 16, 'optimizer': <class 'torch.optim.sgd.SGD'>, 'pooling_after_conv': True, 'weight_decay': 1e-05}","{'num_conv_layers': 3, 'filters': 32, 'kernel_sizes': 3, 'use_batch_norm': True, 'dropout_rate': 0.7, 'pooling_type': 'avg', 'num_fc_layers': 2, 'fc_units': 256}",mean accuracy:,tensor(0.5911),mean F0.5:,0.6211663430112648
2,"{'lr': 0.001, 'epochs': 15, 'batch_size': 16, 'optimizer': <class 'torch.optim.adam.Adam'>, 'pooling_after_conv': False, 'weight_decay': 0.0001}","{'num_conv_layers': 3, 'filters': 64, 'kernel_sizes': 5, 'use_batch_norm': True, 'dropout_rate': 0.2, 'pooling_type': 'max', 'num_fc_layers': 2, 'fc_units': 128}",mean accuracy:,tensor(0.7343),mean F0.5:,0.7163289675446691
1,"{'lr': 0.01, 'epochs': 15, 'batch_size': 16, 'optimizer': <class 'torch.optim.sgd.SGD'>, 'pooling_after_conv': True, 'weight_decay': 1e-05}","{'num_conv_layers': 3, 'filters': 32, 'kernel_sizes': 3, 'use_batch_norm': True, 'dropout_rate': 0.7, 'pooling_type': 'avg', 'num_fc_layers': 2, 'fc_units': 256}",mean accuracy:,tensor(0.5911),mean F0.5:,0.6211663430112648
2,"{'lr': 0.001, 'epochs': 15, 'batch_size': 16, 'optimizer': <class 'torch.optim.adam.Adam'>, 'pooling_after_conv': False, 'weight_decay': 0.0001}","{'num_conv_layers': 3, 'filters': 64, 'kernel_sizes': 5, 'use_batch_norm': True, 'dropout_rate': 0.2, 'pooling_type': 'max', 'num_fc_layers': 2, 'fc_units': 128}",mean accuracy:,tensor(0.7438),mean F0.5:,0.7342065485560203
1,"{'lr': 0.01, 'epochs': 15, 'batch_size': 16, 'optimizer': <class 'torch.optim.sgd.SGD'>, 'pooling_after_conv': True, 'weight_decay': 1e-05}","{'num_conv_layers': 3, 'filters': 32, 'kernel_sizes': 3, 'use_batch_norm': True, 'dropout_rate': 0.7, 'pooling_type': 'avg', 'num_fc_layers': 2, 'fc_units': 256}",mean accuracy:,tensor(0.6604),mean F0.5:,0.6750839986073708
2,"{'lr': 0.001, 'epochs': 15, 'batch_size': 16, 'optimizer': <class 'torch.optim.adam.Adam'>, 'pooling_after_conv': False, 'weight_decay': 0.0001}","{'num_conv_layers': 3, 'filters': 64, 'kernel_sizes': 5, 'use_batch_norm': True, 'dropout_rate': 0.2, 'pooling_type': 'max', 'num_fc_layers': 2, 'fc_units': 128}",mean accuracy:,tensor(0.5761),mean F0.5:,0.5979511886541828
3,"{'lr': 0.01, 'epochs': 5, 'batch_size': 8, 'optimizer': <class 'torch.optim.sgd.SGD'>, 'pooling_after_conv': False, 'weight_decay': 0.0001}","{'num_conv_layers': 3, 'filters': 64, 'kernel_sizes': 5, 'use_batch_norm': False, 'dropout_rate': 0.5, 'pooling_type': 'max', 'num_fc_layers': 1, 'fc_units': 256}",mean accuracy:,tensor(0.6110),mean F0.5:,0.5133872496658053
1,"{'lr': 0.01, 'epochs': 15, 'batch_size': 16, 'optimizer': <class 'torch.optim.sgd.SGD'>, 'pooling_after_conv': True, 'weight_decay': 1e-05}","{'num_conv_layers': 3, 'filters': 32, 'kernel_sizes': 3, 'use_batch_norm': True, 'dropout_rate': 0.7, 'pooling_type': 'avg', 'num_fc_layers': 2, 'fc_units': 256}",mean accuracy:,tensor(0.6583),mean F0.5:,0.67508735502926
2,"{'lr': 0.001, 'epochs': 15, 'batch_size': 16, 'optimizer': <class 'torch.optim.adam.Adam'>, 'pooling_after_conv': False, 'weight_decay': 0.0001}","{'num_conv_layers': 3, 'filters': 64, 'kernel_sizes': 5, 'use_batch_norm': True, 'dropout_rate': 0.2, 'pooling_type': 'max', 'num_fc_layers': 2, 'fc_units': 128}",mean accuracy:,tensor(0.5784),mean F0.5:,0.5923190293083171
3,"{'lr': 0.01, 'epochs': 5, 'batch_size': 8, 'optimizer': <class 'torch.optim.sgd.SGD'>, 'pooling_after_conv': False, 'weight_decay': 0.0001}","{'num_conv_layers': 3, 'filters': 64, 'kernel_sizes': 5, 'use_batch_norm': False, 'dropout_rate': 0.5, 'pooling_type': 'max', 'num_fc_layers': 1, 'fc_units': 256}",mean accuracy:,tensor(0.6110),mean F0.5:,0.5133872496658053
1,"{'lr': 0.01, 'epochs': 15, 'batch_size': 16, 'optimizer': <class 'torch.optim.sgd.SGD'>, 'pooling_after_conv': True, 'weight_decay': 1e-05}","{'num_conv_layers': 3, 'filters': 32, 'kernel_sizes': 3, 'use_batch_norm': True, 'dropout_rate': 0.7, 'pooling_type': 'avg', 'num_fc_layers': 2, 'fc_units': 256}",mean accuracy:,tensor(0.6586),mean F0.5:,0.6692371174428977
2,"{'lr': 0.001, 'epochs': 15, 'batch_size': 16, 'optimizer': <class 'torch.optim.adam.Adam'>, 'pooling_after_conv': False, 'weight_decay': 0.0001}","{'num_conv_layers': 3, 'filters': 64, 'kernel_sizes': 5, 'use_batch_norm': True, 'dropout_rate': 0.2, 'pooling_type': 'max', 'num_fc_layers': 2, 'fc_units': 128}",mean accuracy:,tensor(0.5435),mean F0.5:,0.5807253347548607
3,"{'lr': 0.01, 'epochs': 5, 'batch_size': 8, 'optimizer': <class 'torch.optim.sgd.SGD'>, 'pooling_after_conv': False, 'weight_decay': 0.0001}","{'num_conv_layers': 3, 'filters': 64, 'kernel_sizes': 5, 'use_batch_norm': False, 'dropout_rate': 0.5, 'pooling_type': 'max', 'num_fc_layers': 1, 'fc_units': 256}",mean accuracy:,tensor(0.6110),mean F0.5:,0.5133872496658053
1,"{'lr': 0.01, 'epochs': 15, 'batch_size': 16, 'optimizer': <class 'torch.optim.sgd.SGD'>, 'pooling_after_conv': True, 'weight_decay': 1e-05}","{'num_conv_layers': 3, 'filters': 32, 'kernel_sizes': 3, 'use_batch_norm': True, 'dropout_rate': 0.7, 'pooling_type': 'avg', 'num_fc_layers': 2, 'fc_units': 256}",mean accuracy:,tensor(0.6610),mean F0.5:,0.678089799557059
2,"{'lr': 0.001, 'epochs': 15, 'batch_size': 16, 'optimizer': <class 'torch.optim.adam.Adam'>, 'pooling_after_conv': False, 'weight_decay': 0.0001}","{'num_conv_layers': 3, 'filters': 64, 'kernel_sizes': 5, 'use_batch_norm': True, 'dropout_rate': 0.2, 'pooling_type': 'max', 'num_fc_layers': 2, 'fc_units': 128}",mean accuracy:,tensor(0.5474),mean F0.5:,0.5798349851263904
3,"{'lr': 0.01, 'epochs': 5, 'batch_size': 8, 'optimizer': <class 'torch.optim.sgd.SGD'>, 'pooling_after_conv': False, 'weight_decay': 0.0001}","{'num_conv_layers': 3, 'filters': 64, 'kernel_sizes': 5, 'use_batch_norm': False, 'dropout_rate': 0.5, 'pooling_type': 'max', 'num_fc_layers': 1, 'fc_units': 256}",mean accuracy:,tensor(0.6110),mean F0.5:,0.5133872496658053
1,"{'lr': 0.01, 'epochs': 15, 'batch_size': 16, 'optimizer': <class 'torch.optim.sgd.SGD'>, 'pooling_after_conv': True, 'weight_decay': 1e-05}","{'num_conv_layers': 3, 'filters': 32, 'kernel_sizes': 3, 'use_batch_norm': True, 'dropout_rate': 0.7, 'pooling_type': 'avg', 'num_fc_layers': 2, 'fc_units': 256}",mean accuracy:,tensor(0.6605),mean F0.5:,0.6726597048377326
2,"{'lr': 0.001, 'epochs': 15, 'batch_size': 16, 'optimizer': <class 'torch.optim.adam.Adam'>, 'pooling_after_conv': False, 'weight_decay': 0.0001}","{'num_conv_layers': 3, 'filters': 64, 'kernel_sizes': 5, 'use_batch_norm': True, 'dropout_rate': 0.2, 'pooling_type': 'max', 'num_fc_layers': 2, 'fc_units': 128}",mean accuracy:,tensor(0.5697),mean F0.5:,0.5888769791543067
3,"{'lr': 0.01, 'epochs': 5, 'batch_size': 8, 'optimizer': <class 'torch.optim.sgd.SGD'>, 'pooling_after_conv': False, 'weight_decay': 0.0001}","{'num_conv_layers': 3, 'filters': 64, 'kernel_sizes': 5, 'use_batch_norm': False, 'dropout_rate': 0.5, 'pooling_type': 'max', 'num_fc_layers': 1, 'fc_units': 256}",mean accuracy:,tensor(0.6110),mean F0.5:,0.5133872496658053
4,"{'lr': 0.001, 'epochs': 15, 'batch_size': 32, 'optimizer': <class 'torch.optim.adam.Adam'>, 'pooling_after_conv': False, 'weight_decay': 1e-05}","{'num_conv_layers': 2, 'filters': 16, 'kernel_sizes': 3, 'use_batch_norm': True, 'dropout_rate': 0.2, 'pooling_type': 'avg', 'num_fc_layers': 1, 'fc_units': 128}",mean accuracy:,tensor(0.6315),mean F0.5:,0.6455493985512372
5,"{'lr': 0.0001, 'epochs': 5, 'batch_size': 64, 'optimizer': <class 'torch.optim.sgd.SGD'>, 'pooling_after_conv': False, 'weight_decay': 0.0}","{'num_conv_layers': 3, 'filters': 64, 'kernel_sizes': 5, 'use_batch_norm': False, 'dropout_rate': 0.2, 'pooling_type': 'avg', 'num_fc_layers': 2, 'fc_units': 128}",mean accuracy:,tensor(0.5137),mean F0.5:,0.33685417676803137
6,"{'lr': 0.01, 'epochs': 10, 'batch_size': 64, 'optimizer': <class 'torch.optim.adam.Adam'>, 'pooling_after_conv': False, 'weight_decay': 0.01}","{'num_conv_layers': 4, 'filters': 64, 'kernel_sizes': 3, 'use_batch_norm': False, 'dropout_rate': 0.7, 'pooling_type': 'avg', 'num_fc_layers': 2, 'fc_units': 256}",mean accuracy:,tensor(0.4828),mean F0.5:,0.32147113227205587
7,"{'lr': 0.1, 'epochs': 10, 'batch_size': 8, 'optimizer': <class 'torch.optim.adam.Adam'>, 'pooling_after_conv': True, 'weight_decay': 0.0001}","{'num_conv_layers': 3, 'filters': 32, 'kernel_sizes': 5, 'use_batch_norm': False, 'dropout_rate': 0.5, 'pooling_type': 'max', 'num_fc_layers': 1, 'fc_units': 256}",mean accuracy:,tensor(0.5021),mean F0.5:,0.44125980055567365
8,"{'lr': 0.0001, 'epochs': 15, 'batch_size': 8, 'optimizer': <class 'torch.optim.adam.Adam'>, 'pooling_after_conv': True, 'weight_decay': 0.0001}","{'num_conv_layers': 3, 'filters': 64, 'kernel_sizes': 5, 'use_batch_norm': False, 'dropout_rate': 0.5, 'pooling_type': 'max', 'num_fc_layers': 2, 'fc_units': 128}",mean accuracy:,tensor(0.6996),mean F0.5:,0.6388842493882525
9,"{'lr': 0.01, 'epochs': 5, 'batch_size': 32, 'optimizer': <class 'torch.optim.adam.Adam'>, 'pooling_after_conv': True, 'weight_decay': 0.0}","{'num_conv_layers': 3, 'filters': 32, 'kernel_sizes': 3, 'use_batch_norm': True, 'dropout_rate': 0.7, 'pooling_type': 'avg', 'num_fc_layers': 2, 'fc_units': 128}",mean accuracy:,tensor(0.6640),mean F0.5:,0.6612291141649628
10,"{'lr': 0.1, 'epochs': 10, 'batch_size': 8, 'optimizer': <class 'torch.optim.adam.Adam'>, 'pooling_after_conv': False, 'weight_decay': 0.0001}","{'num_conv_layers': 4, 'filters': 16, 'kernel_sizes': 3, 'use_batch_norm': True, 'dropout_rate': 0.4, 'pooling_type': 'max', 'num_fc_layers': 1, 'fc_units': 128}",mean accuracy:,tensor(0.5172),mean F0.5:,0.1507539714881206
11,"{'lr': 0.1, 'epochs': 5, 'batch_size': 64, 'optimizer': <class 'torch.optim.sgd.SGD'>, 'pooling_after_conv': True, 'weight_decay': 1e-05}","{'num_conv_layers': 4, 'filters': 64, 'kernel_sizes': 3, 'use_batch_norm': True, 'dropout_rate': 0.5, 'pooling_type': 'avg', 'num_fc_layers': 1, 'fc_units': 256}",mean accuracy:,tensor(0.5144),mean F0.5:,0.5620697916326012
12,"{'lr': 0.0001, 'epochs': 5, 'batch_size': 32, 'optimizer': <class 'torch.optim.sgd.SGD'>, 'pooling_after_conv': True, 'weight_decay': 0.0001}","{'num_conv_layers': 2, 'filters': 32, 'kernel_sizes': 5, 'use_batch_norm': False, 'dropout_rate': 0.7, 'pooling_type': 'max', 'num_fc_layers': 1, 'fc_units': 256}",mean accuracy:,tensor(0.5089),mean F0.5:,0.44967093494313454
13,"{'lr': 0.1, 'epochs': 10, 'batch_size': 8, 'optimizer': <class 'torch.optim.sgd.SGD'>, 'pooling_after_conv': True, 'weight_decay': 0.0}","{'num_conv_layers': 4, 'filters': 16, 'kernel_sizes': 5, 'use_batch_norm': True, 'dropout_rate': 0.4, 'pooling_type': 'avg', 'num_fc_layers': 2, 'fc_units': 128}",mean accuracy:,tensor(0.5508),mean F0.5:,0.5762075892307714
14,"{'lr': 0.0001, 'epochs': 10, 'batch_size': 32, 'optimizer': <class 'torch.optim.adam.Adam'>, 'pooling_after_conv': False, 'weight_decay': 0.0001}","{'num_conv_layers': 4, 'filters': 32, 'kernel_sizes': 5, 'use_batch_norm': True, 'dropout_rate': 0.4, 'pooling_type': 'avg', 'num_fc_layers': 1, 'fc_units': 128}",mean accuracy:,tensor(0.7217),mean F0.5:,0.7300472090036852
15,"{'lr': 0.1, 'epochs': 5, 'batch_size': 64, 'optimizer': <class 'torch.optim.adam.Adam'>, 'pooling_after_conv': True, 'weight_decay': 0.01}","{'num_conv_layers': 3, 'filters': 16, 'kernel_sizes': 5, 'use_batch_norm': False, 'dropout_rate': 0.2, 'pooling_type': 'avg', 'num_fc_layers': 1, 'fc_units': 256}",mean accuracy:,tensor(0.4927),mean F0.5:,0.3294603157943992
16,"{'lr': 0.01, 'epochs': 5, 'batch_size': 16, 'optimizer': <class 'torch.optim.sgd.SGD'>, 'pooling_after_conv': True, 'weight_decay': 0.01}","{'num_conv_layers': 4, 'filters': 32, 'kernel_sizes': 5, 'use_batch_norm': False, 'dropout_rate': 0.2, 'pooling_type': 'avg', 'num_fc_layers': 1, 'fc_units': 256}",mean accuracy:,tensor(0.5152),mean F0.5:,0.35867354066908996
17,"{'lr': 0.0001, 'epochs': 10, 'batch_size': 16, 'optimizer': <class 'torch.optim.adam.Adam'>, 'pooling_after_conv': True, 'weight_decay': 1e-05}","{'num_conv_layers': 2, 'filters': 64, 'kernel_sizes': 5, 'use_batch_norm': True, 'dropout_rate': 0.7, 'pooling_type': 'avg', 'num_fc_layers': 1, 'fc_units': 128}",mean accuracy:,tensor(0.6718),mean F0.5:,0.67358995696989
18,"{'lr': 0.001, 'epochs': 10, 'batch_size': 16, 'optimizer': <class 'torch.optim.adam.Adam'>, 'pooling_after_conv': True, 'weight_decay': 0.0001}","{'num_conv_layers': 3, 'filters': 64, 'kernel_sizes': 3, 'use_batch_norm': False, 'dropout_rate': 0.7, 'pooling_type': 'avg', 'num_fc_layers': 2, 'fc_units': 256}",mean accuracy:,tensor(0.6944),mean F0.5:,0.6942586526284147
19,"{'lr': 0.001, 'epochs': 5, 'batch_size': 8, 'optimizer': <class 'torch.optim.sgd.SGD'>, 'pooling_after_conv': False, 'weight_decay': 0.0001}","{'num_conv_layers': 3, 'filters': 16, 'kernel_sizes': 3, 'use_batch_norm': True, 'dropout_rate': 0.2, 'pooling_type': 'max', 'num_fc_layers': 1, 'fc_units': 128}",mean accuracy:,tensor(0.5525),mean F0.5:,0.5584444139475189
20,"{'lr': 0.1, 'epochs': 10, 'batch_size': 64, 'optimizer': <class 'torch.optim.adam.Adam'>, 'pooling_after_conv': False, 'weight_decay': 0.0001}","{'num_conv_layers': 2, 'filters': 16, 'kernel_sizes': 5, 'use_batch_norm': True, 'dropout_rate': 0.4, 'pooling_type': 'avg', 'num_fc_layers': 2, 'fc_units': 256}",mean accuracy:,tensor(0.5699),mean F0.5:,0.48349974303709303
21,"{'lr': 0.1, 'epochs': 5, 'batch_size': 64, 'optimizer': <class 'torch.optim.sgd.SGD'>, 'pooling_after_conv': False, 'weight_decay': 0.0001}","{'num_conv_layers': 3, 'filters': 64, 'kernel_sizes': 3, 'use_batch_norm': False, 'dropout_rate': 0.5, 'pooling_type': 'max', 'num_fc_layers': 1, 'fc_units': 256}",mean accuracy:,tensor(0.5565),mean F0.5:,0.5617378605826099
22,"{'lr': 0.001, 'epochs': 10, 'batch_size': 8, 'optimizer': <class 'torch.optim.sgd.SGD'>, 'pooling_after_conv': True, 'weight_decay': 0.0001}","{'num_conv_layers': 3, 'filters': 64, 'kernel_sizes': 5, 'use_batch_norm': False, 'dropout_rate': 0.2, 'pooling_type': 'avg', 'num_fc_layers': 1, 'fc_units': 128}",mean accuracy:,tensor(0.5242),mean F0.5:,0.20749159900433006
23,"{'lr': 0.1, 'epochs': 5, 'batch_size': 8, 'optimizer': <class 'torch.optim.adam.Adam'>, 'pooling_after_conv': False, 'weight_decay': 1e-05}","{'num_conv_layers': 3, 'filters': 16, 'kernel_sizes': 5, 'use_batch_norm': False, 'dropout_rate': 0.5, 'pooling_type': 'avg', 'num_fc_layers': 1, 'fc_units': 256}",mean accuracy:,tensor(0.5021),mean F0.5:,0.4420506844341796
24,"{'lr': 0.0001, 'epochs': 5, 'batch_size': 64, 'optimizer': <class 'torch.optim.sgd.SGD'>, 'pooling_after_conv': False, 'weight_decay': 0.0001}","{'num_conv_layers': 2, 'filters': 64, 'kernel_sizes': 5, 'use_batch_norm': True, 'dropout_rate': 0.4, 'pooling_type': 'max', 'num_fc_layers': 1, 'fc_units': 128}",mean accuracy:,tensor(0.4730),mean F0.5:,0.406725389972087
25,"{'lr': 0.001, 'epochs': 5, 'batch_size': 8, 'optimizer': <class 'torch.optim.adam.Adam'>, 'pooling_after_conv': False, 'weight_decay': 1e-05}","{'num_conv_layers': 3, 'filters': 64, 'kernel_sizes': 5, 'use_batch_norm': False, 'dropout_rate': 0.5, 'pooling_type': 'max', 'num_fc_layers': 2, 'fc_units': 128}",mean accuracy:,tensor(0.6730),mean F0.5:,0.6278747697215574
26,"{'lr': 0.01, 'epochs': 10, 'batch_size': 16, 'optimizer': <class 'torch.optim.adam.Adam'>, 'pooling_after_conv': True, 'weight_decay': 0.0}","{'num_conv_layers': 3, 'filters': 32, 'kernel_sizes': 3, 'use_batch_norm': True, 'dropout_rate': 0.4, 'pooling_type': 'max', 'num_fc_layers': 2, 'fc_units': 128}",mean accuracy:,tensor(0.6665),mean F0.5:,0.6547375312536089
27,"{'lr': 0.0001, 'epochs': 5, 'batch_size': 16, 'optimizer': <class 'torch.optim.sgd.SGD'>, 'pooling_after_conv': False, 'weight_decay': 0.01}","{'num_conv_layers': 4, 'filters': 64, 'kernel_sizes': 5, 'use_batch_norm': False, 'dropout_rate': 0.5, 'pooling_type': 'avg', 'num_fc_layers': 2, 'fc_units': 128}",mean accuracy:,tensor(0.4912),mean F0.5:,0.10565499597152309
28,"{'lr': 0.1, 'epochs': 10, 'batch_size': 64, 'optimizer': <class 'torch.optim.adam.Adam'>, 'pooling_after_conv': False, 'weight_decay': 1e-05}","{'num_conv_layers': 2, 'filters': 16, 'kernel_sizes': 5, 'use_batch_norm': False, 'dropout_rate': 0.7, 'pooling_type': 'max', 'num_fc_layers': 2, 'fc_units': 256}",mean accuracy:,tensor(0.4908),mean F0.5:,0.4407423502602869
29,"{'lr': 0.0001, 'epochs': 15, 'batch_size': 8, 'optimizer': <class 'torch.optim.adam.Adam'>, 'pooling_after_conv': True, 'weight_decay': 0.01}","{'num_conv_layers': 4, 'filters': 32, 'kernel_sizes': 5, 'use_batch_norm': True, 'dropout_rate': 0.7, 'pooling_type': 'max', 'num_fc_layers': 2, 'fc_units': 128}",mean accuracy:,tensor(0.7223),mean F0.5:,0.6798287398361522
30,"{'lr': 0.1, 'epochs': 15, 'batch_size': 32, 'optimizer': <class 'torch.optim.adam.Adam'>, 'pooling_after_conv': True, 'weight_decay': 1e-05}","{'num_conv_layers': 3, 'filters': 32, 'kernel_sizes': 5, 'use_batch_norm': False, 'dropout_rate': 0.7, 'pooling_type': 'avg', 'num_fc_layers': 2, 'fc_units': 256}",mean accuracy:,tensor(0.4795),mean F0.5:,0.42986356390065145
31,"{'lr': 0.01, 'epochs': 5, 'batch_size': 64, 'optimizer': <class 'torch.optim.sgd.SGD'>, 'pooling_after_conv': False, 'weight_decay': 1e-05}","{'num_conv_layers': 3, 'filters': 32, 'kernel_sizes': 5, 'use_batch_norm': True, 'dropout_rate': 0.2, 'pooling_type': 'max', 'num_fc_layers': 1, 'fc_units': 128}",mean accuracy:,tensor(0.6543),mean F0.5:,0.6589198618784007
32,"{'lr': 0.001, 'epochs': 5, 'batch_size': 64, 'optimizer': <class 'torch.optim.adam.Adam'>, 'pooling_after_conv': True, 'weight_decay': 0.0001}","{'num_conv_layers': 3, 'filters': 16, 'kernel_sizes': 3, 'use_batch_norm': False, 'dropout_rate': 0.7, 'pooling_type': 'max', 'num_fc_layers': 2, 'fc_units': 128}",mean accuracy:,tensor(0.6637),mean F0.5:,0.6807880077626135
33,"{'lr': 0.1, 'epochs': 15, 'batch_size': 8, 'optimizer': <class 'torch.optim.sgd.SGD'>, 'pooling_after_conv': True, 'weight_decay': 0.0001}","{'num_conv_layers': 2, 'filters': 32, 'kernel_sizes': 5, 'use_batch_norm': False, 'dropout_rate': 0.5, 'pooling_type': 'avg', 'num_fc_layers': 1, 'fc_units': 128}",mean accuracy:,tensor(0.6659),mean F0.5:,0.613323957262713
34,"{'lr': 0.001, 'epochs': 10, 'batch_size': 16, 'optimizer': <class 'torch.optim.adam.Adam'>, 'pooling_after_conv': False, 'weight_decay': 0.0}","{'num_conv_layers': 3, 'filters': 32, 'kernel_sizes': 3, 'use_batch_norm': False, 'dropout_rate': 0.2, 'pooling_type': 'avg', 'num_fc_layers': 2, 'fc_units': 256}",mean accuracy:,tensor(0.6895),mean F0.5:,0.6930566615811047
35,"{'lr': 0.1, 'epochs': 15, 'batch_size': 32, 'optimizer': <class 'torch.optim.adam.Adam'>, 'pooling_after_conv': False, 'weight_decay': 0.0}","{'num_conv_layers': 4, 'filters': 32, 'kernel_sizes': 3, 'use_batch_norm': True, 'dropout_rate': 0.4, 'pooling_type': 'avg', 'num_fc_layers': 2, 'fc_units': 256}",mean accuracy:,tensor(0.5057),mean F0.5:,0.450441429035228
36,"{'lr': 0.01, 'epochs': 15, 'batch_size': 32, 'optimizer': <class 'torch.optim.adam.Adam'>, 'pooling_after_conv': False, 'weight_decay': 0.0001}","{'num_conv_layers': 2, 'filters': 16, 'kernel_sizes': 5, 'use_batch_norm': True, 'dropout_rate': 0.7, 'pooling_type': 'max', 'num_fc_layers': 1, 'fc_units': 128}",mean accuracy:,tensor(0.5800),mean F0.5:,0.602014578526085
37,"{'lr': 0.001, 'epochs': 15, 'batch_size': 64, 'optimizer': <class 'torch.optim.adam.Adam'>, 'pooling_after_conv': True, 'weight_decay': 0.01}","{'num_conv_layers': 2, 'filters': 32, 'kernel_sizes': 5, 'use_batch_norm': True, 'dropout_rate': 0.2, 'pooling_type': 'avg', 'num_fc_layers': 1, 'fc_units': 256}",mean accuracy:,tensor(0.6875),mean F0.5:,0.7177404417024363
38,"{'lr': 0.0001, 'epochs': 15, 'batch_size': 32, 'optimizer': <class 'torch.optim.sgd.SGD'>, 'pooling_after_conv': False, 'weight_decay': 0.0}","{'num_conv_layers': 4, 'filters': 32, 'kernel_sizes': 5, 'use_batch_norm': False, 'dropout_rate': 0.4, 'pooling_type': 'max', 'num_fc_layers': 1, 'fc_units': 256}",mean accuracy:,tensor(0.4855),mean F0.5:,0.32272244480193063
39,"{'lr': 0.1, 'epochs': 15, 'batch_size': 32, 'optimizer': <class 'torch.optim.sgd.SGD'>, 'pooling_after_conv': True, 'weight_decay': 0.01}","{'num_conv_layers': 2, 'filters': 32, 'kernel_sizes': 5, 'use_batch_norm': False, 'dropout_rate': 0.2, 'pooling_type': 'avg', 'num_fc_layers': 1, 'fc_units': 128}",mean accuracy:,tensor(0.5738),mean F0.5:,0.5746920041982708
40,"{'lr': 0.001, 'epochs': 5, 'batch_size': 64, 'optimizer': <class 'torch.optim.sgd.SGD'>, 'pooling_after_conv': True, 'weight_decay': 0.0}","{'num_conv_layers': 2, 'filters': 32, 'kernel_sizes': 3, 'use_batch_norm': False, 'dropout_rate': 0.2, 'pooling_type': 'avg', 'num_fc_layers': 1, 'fc_units': 256}",mean accuracy:,tensor(0.5020),mean F0.5:,0.3054445494116235
41,"{'lr': 0.001, 'epochs': 5, 'batch_size': 64, 'optimizer': <class 'torch.optim.adam.Adam'>, 'pooling_after_conv': True, 'weight_decay': 0.01}","{'num_conv_layers': 3, 'filters': 32, 'kernel_sizes': 3, 'use_batch_norm': False, 'dropout_rate': 0.7, 'pooling_type': 'max', 'num_fc_layers': 2, 'fc_units': 256}",mean accuracy:,tensor(0.5122),mean F0.5:,0.3349378410322064
42,"{'lr': 0.1, 'epochs': 15, 'batch_size': 32, 'optimizer': <class 'torch.optim.sgd.SGD'>, 'pooling_after_conv': True, 'weight_decay': 0.0001}","{'num_conv_layers': 4, 'filters': 32, 'kernel_sizes': 3, 'use_batch_norm': True, 'dropout_rate': 0.7, 'pooling_type': 'avg', 'num_fc_layers': 1, 'fc_units': 256}",mean accuracy:,tensor(0.5806),mean F0.5:,0.6113595545179086
43,"{'lr': 0.001, 'epochs': 15, 'batch_size': 16, 'optimizer': <class 'torch.optim.sgd.SGD'>, 'pooling_after_conv': True, 'weight_decay': 0.01}","{'num_conv_layers': 3, 'filters': 16, 'kernel_sizes': 5, 'use_batch_norm': False, 'dropout_rate': 0.4, 'pooling_type': 'avg', 'num_fc_layers': 2, 'fc_units': 128}",mean accuracy:,tensor(0.5015),mean F0.5:,0.4434549798382597
44,"{'lr': 0.001, 'epochs': 10, 'batch_size': 32, 'optimizer': <class 'torch.optim.sgd.SGD'>, 'pooling_after_conv': True, 'weight_decay': 1e-05}","{'num_conv_layers': 4, 'filters': 64, 'kernel_sizes': 3, 'use_batch_norm': True, 'dropout_rate': 0.7, 'pooling_type': 'max', 'num_fc_layers': 2, 'fc_units': 128}",mean accuracy:,tensor(0.5525),mean F0.5:,0.577653066367478
45,"{'lr': 0.0001, 'epochs': 10, 'batch_size': 64, 'optimizer': <class 'torch.optim.sgd.SGD'>, 'pooling_after_conv': True, 'weight_decay': 0.0001}","{'num_conv_layers': 2, 'filters': 32, 'kernel_sizes': 5, 'use_batch_norm': False, 'dropout_rate': 0.5, 'pooling_type': 'avg', 'num_fc_layers': 1, 'fc_units': 256}",mean accuracy:,tensor(0.5374),mean F0.5:,0.25135242437675437
46,"{'lr': 0.001, 'epochs': 5, 'batch_size': 8, 'optimizer': <class 'torch.optim.adam.Adam'>, 'pooling_after_conv': True, 'weight_decay': 1e-05}","{'num_conv_layers': 2, 'filters': 16, 'kernel_sizes': 5, 'use_batch_norm': False, 'dropout_rate': 0.4, 'pooling_type': 'max', 'num_fc_layers': 1, 'fc_units': 256}",mean accuracy:,tensor(0.6644),mean F0.5:,0.6162496269764113
47,"{'lr': 0.1, 'epochs': 15, 'batch_size': 64, 'optimizer': <class 'torch.optim.adam.Adam'>, 'pooling_after_conv': True, 'weight_decay': 0.0001}","{'num_conv_layers': 4, 'filters': 16, 'kernel_sizes': 5, 'use_batch_norm': False, 'dropout_rate': 0.7, 'pooling_type': 'avg', 'num_fc_layers': 2, 'fc_units': 256}",mean accuracy:,tensor(0.5014),mean F0.5:,0.5561213718503798
48,"{'lr': 0.001, 'epochs': 5, 'batch_size': 64, 'optimizer': <class 'torch.optim.adam.Adam'>, 'pooling_after_conv': False, 'weight_decay': 0.0001}","{'num_conv_layers': 2, 'filters': 32, 'kernel_sizes': 5, 'use_batch_norm': False, 'dropout_rate': 0.2, 'pooling_type': 'avg', 'num_fc_layers': 2, 'fc_units': 128}",mean accuracy:,tensor(0.6536),mean F0.5:,0.6632009912412503
49,"{'lr': 0.1, 'epochs': 5, 'batch_size': 32, 'optimizer': <class 'torch.optim.sgd.SGD'>, 'pooling_after_conv': False, 'weight_decay': 1e-05}","{'num_conv_layers': 4, 'filters': 16, 'kernel_sizes': 5, 'use_batch_norm': False, 'dropout_rate': 0.4, 'pooling_type': 'avg', 'num_fc_layers': 1, 'fc_units': 256}",mean accuracy:,tensor(0.5835),mean F0.5:,0.4332144094415483
50,"{'lr': 0.0001, 'epochs': 10, 'batch_size': 16, 'optimizer': <class 'torch.optim.sgd.SGD'>, 'pooling_after_conv': False, 'weight_decay': 1e-05}","{'num_conv_layers': 3, 'filters': 16, 'kernel_sizes': 3, 'use_batch_norm': True, 'dropout_rate': 0.4, 'pooling_type': 'max', 'num_fc_layers': 1, 'fc_units': 256}",mean accuracy:,tensor(0.5452),mean F0.5:,0.46296924516463484
51,"{'lr': 0.01, 'epochs': 10, 'batch_size': 8, 'optimizer': <class 'torch.optim.sgd.SGD'>, 'pooling_after_conv': True, 'weight_decay': 0.0001}","{'num_conv_layers': 4, 'filters': 16, 'kernel_sizes': 3, 'use_batch_norm': False, 'dropout_rate': 0.5, 'pooling_type': 'avg', 'num_fc_layers': 2, 'fc_units': 256}",mean accuracy:,tensor(0.4992),mean F0.5:,0.2437999220131942
52,"{'lr': 0.0001, 'epochs': 5, 'batch_size': 16, 'optimizer': <class 'torch.optim.sgd.SGD'>, 'pooling_after_conv': True, 'weight_decay': 0.01}","{'num_conv_layers': 3, 'filters': 64, 'kernel_sizes': 5, 'use_batch_norm': False, 'dropout_rate': 0.2, 'pooling_type': 'avg', 'num_fc_layers': 2, 'fc_units': 256}",mean accuracy:,tensor(0.5076),mean F0.5:,0.33498002448655867
53,"{'lr': 0.1, 'epochs': 5, 'batch_size': 32, 'optimizer': <class 'torch.optim.adam.Adam'>, 'pooling_after_conv': False, 'weight_decay': 0.0}","{'num_conv_layers': 2, 'filters': 32, 'kernel_sizes': 3, 'use_batch_norm': True, 'dropout_rate': 0.4, 'pooling_type': 'avg', 'num_fc_layers': 2, 'fc_units': 128}",mean accuracy:,tensor(0.4969),mean F0.5:,0.33119542355075754
54,"{'lr': 0.0001, 'epochs': 5, 'batch_size': 8, 'optimizer': <class 'torch.optim.adam.Adam'>, 'pooling_after_conv': True, 'weight_decay': 1e-05}","{'num_conv_layers': 2, 'filters': 32, 'kernel_sizes': 5, 'use_batch_norm': False, 'dropout_rate': 0.7, 'pooling_type': 'max', 'num_fc_layers': 2, 'fc_units': 256}",mean accuracy:,tensor(0.6599),mean F0.5:,0.5828505878566667
55,"{'lr': 0.0001, 'epochs': 15, 'batch_size': 16, 'optimizer': <class 'torch.optim.sgd.SGD'>, 'pooling_after_conv': True, 'weight_decay': 1e-05}","{'num_conv_layers': 4, 'filters': 16, 'kernel_sizes': 3, 'use_batch_norm': False, 'dropout_rate': 0.2, 'pooling_type': 'max', 'num_fc_layers': 1, 'fc_units': 256}",mean accuracy:,tensor(0.4961),mean F0.5:,0.10932304936787025
56,"{'lr': 0.1, 'epochs': 10, 'batch_size': 32, 'optimizer': <class 'torch.optim.sgd.SGD'>, 'pooling_after_conv': True, 'weight_decay': 0.01}","{'num_conv_layers': 4, 'filters': 64, 'kernel_sizes': 5, 'use_batch_norm': True, 'dropout_rate': 0.5, 'pooling_type': 'max', 'num_fc_layers': 2, 'fc_units': 256}",mean accuracy:,tensor(0.5565),mean F0.5:,0.5810943244794525
57,"{'lr': 0.001, 'epochs': 10, 'batch_size': 32, 'optimizer': <class 'torch.optim.sgd.SGD'>, 'pooling_after_conv': True, 'weight_decay': 0.0001}","{'num_conv_layers': 2, 'filters': 16, 'kernel_sizes': 5, 'use_batch_norm': True, 'dropout_rate': 0.7, 'pooling_type': 'max', 'num_fc_layers': 1, 'fc_units': 128}",mean accuracy:,tensor(0.5953),mean F0.5:,0.5824893825910009
58,"{'lr': 0.01, 'epochs': 5, 'batch_size': 64, 'optimizer': <class 'torch.optim.adam.Adam'>, 'pooling_after_conv': True, 'weight_decay': 0.01}","{'num_conv_layers': 3, 'filters': 16, 'kernel_sizes': 3, 'use_batch_norm': False, 'dropout_rate': 0.4, 'pooling_type': 'avg', 'num_fc_layers': 1, 'fc_units': 256}",mean accuracy:,tensor(0.4903),mean F0.5:,0.21924376745779878
59,"{'lr': 0.0001, 'epochs': 10, 'batch_size': 8, 'optimizer': <class 'torch.optim.sgd.SGD'>, 'pooling_after_conv': True, 'weight_decay': 0.0}","{'num_conv_layers': 3, 'filters': 64, 'kernel_sizes': 3, 'use_batch_norm': False, 'dropout_rate': 0.7, 'pooling_type': 'avg', 'num_fc_layers': 1, 'fc_units': 256}",mean accuracy:,tensor(0.4929),mean F0.5:,0.433312477167542
60,"{'lr': 0.01, 'epochs': 5, 'batch_size': 64, 'optimizer': <class 'torch.optim.sgd.SGD'>, 'pooling_after_conv': True, 'weight_decay': 0.0001}","{'num_conv_layers': 4, 'filters': 16, 'kernel_sizes': 3, 'use_batch_norm': True, 'dropout_rate': 0.4, 'pooling_type': 'max', 'num_fc_layers': 1, 'fc_units': 128}",mean accuracy:,tensor(0.6278),mean F0.5:,0.6348825650996163
61,"{'lr': 0.0001, 'epochs': 5, 'batch_size': 16, 'optimizer': <class 'torch.optim.adam.Adam'>, 'pooling_after_conv': True, 'weight_decay': 0.0001}","{'num_conv_layers': 4, 'filters': 64, 'kernel_sizes': 3, 'use_batch_norm': True, 'dropout_rate': 0.5, 'pooling_type': 'avg', 'num_fc_layers': 2, 'fc_units': 128}",mean accuracy:,tensor(0.6801),mean F0.5:,0.6837032610148259
62,"{'lr': 0.01, 'epochs': 10, 'batch_size': 64, 'optimizer': <class 'torch.optim.adam.Adam'>, 'pooling_after_conv': False, 'weight_decay': 0.0}","{'num_conv_layers': 3, 'filters': 32, 'kernel_sizes': 3, 'use_batch_norm': False, 'dropout_rate': 0.4, 'pooling_type': 'avg', 'num_fc_layers': 2, 'fc_units': 128}",mean accuracy:,tensor(0.6665),mean F0.5:,0.6846062504711865
63,"{'lr': 0.1, 'epochs': 5, 'batch_size': 16, 'optimizer': <class 'torch.optim.adam.Adam'>, 'pooling_after_conv': False, 'weight_decay': 0.0001}","{'num_conv_layers': 2, 'filters': 32, 'kernel_sizes': 5, 'use_batch_norm': True, 'dropout_rate': 0.4, 'pooling_type': 'max', 'num_fc_layers': 2, 'fc_units': 256}",mean accuracy:,tensor(0.4952),mean F0.5:,0.10772407843287743
64,"{'lr': 0.1, 'epochs': 10, 'batch_size': 16, 'optimizer': <class 'torch.optim.adam.Adam'>, 'pooling_after_conv': False, 'weight_decay': 1e-05}","{'num_conv_layers': 4, 'filters': 32, 'kernel_sizes': 3, 'use_batch_norm': False, 'dropout_rate': 0.4, 'pooling_type': 'avg', 'num_fc_layers': 1, 'fc_units': 256}",mean accuracy:,tensor(0.4966),mean F0.5:,0.5485044625565574
65,"{'lr': 0.01, 'epochs': 5, 'batch_size': 8, 'optimizer': <class 'torch.optim.sgd.SGD'>, 'pooling_after_conv': False, 'weight_decay': 0.0}","{'num_conv_layers': 3, 'filters': 32, 'kernel_sizes': 5, 'use_batch_norm': False, 'dropout_rate': 0.5, 'pooling_type': 'avg', 'num_fc_layers': 1, 'fc_units': 128}",mean accuracy:,tensor(0.5677),mean F0.5:,0.38686639542705203
66,"{'lr': 0.0001, 'epochs': 5, 'batch_size': 16, 'optimizer': <class 'torch.optim.adam.Adam'>, 'pooling_after_conv': True, 'weight_decay': 0.01}","{'num_conv_layers': 4, 'filters': 64, 'kernel_sizes': 5, 'use_batch_norm': False, 'dropout_rate': 0.7, 'pooling_type': 'avg', 'num_fc_layers': 1, 'fc_units': 128}",mean accuracy:,tensor(0.6738),mean F0.5:,0.6740696109760747
67,"{'lr': 0.0001, 'epochs': 10, 'batch_size': 32, 'optimizer': <class 'torch.optim.adam.Adam'>, 'pooling_after_conv': True, 'weight_decay': 0.0001}","{'num_conv_layers': 2, 'filters': 64, 'kernel_sizes': 5, 'use_batch_norm': True, 'dropout_rate': 0.4, 'pooling_type': 'avg', 'num_fc_layers': 1, 'fc_units': 128}",mean accuracy:,tensor(0.6284),mean F0.5:,0.6587578588293115
68,"{'lr': 0.0001, 'epochs': 10, 'batch_size': 64, 'optimizer': <class 'torch.optim.adam.Adam'>, 'pooling_after_conv': False, 'weight_decay': 0.0}","{'num_conv_layers': 3, 'filters': 16, 'kernel_sizes': 3, 'use_batch_norm': False, 'dropout_rate': 0.5, 'pooling_type': 'avg', 'num_fc_layers': 2, 'fc_units': 128}",mean accuracy:,tensor(0.5599),mean F0.5:,0.5091535026785742
69,"{'lr': 0.1, 'epochs': 5, 'batch_size': 64, 'optimizer': <class 'torch.optim.sgd.SGD'>, 'pooling_after_conv': False, 'weight_decay': 0.0}","{'num_conv_layers': 3, 'filters': 16, 'kernel_sizes': 3, 'use_batch_norm': True, 'dropout_rate': 0.7, 'pooling_type': 'max', 'num_fc_layers': 1, 'fc_units': 256}",mean accuracy:,tensor(0.6150),mean F0.5:,0.6631702443257408
70,"{'lr': 0.001, 'epochs': 15, 'batch_size': 64, 'optimizer': <class 'torch.optim.sgd.SGD'>, 'pooling_after_conv': True, 'weight_decay': 0.0}","{'num_conv_layers': 2, 'filters': 64, 'kernel_sizes': 3, 'use_batch_norm': True, 'dropout_rate': 0.4, 'pooling_type': 'avg', 'num_fc_layers': 1, 'fc_units': 128}",mean accuracy:,tensor(0.5650),mean F0.5:,0.5764146808416339
71,"{'lr': 0.0001, 'epochs': 15, 'batch_size': 64, 'optimizer': <class 'torch.optim.sgd.SGD'>, 'pooling_after_conv': False, 'weight_decay': 1e-05}","{'num_conv_layers': 4, 'filters': 64, 'kernel_sizes': 3, 'use_batch_norm': False, 'dropout_rate': 0.7, 'pooling_type': 'max', 'num_fc_layers': 1, 'fc_units': 128}",mean accuracy:,tensor(0.5024),mean F0.5:,0.11231827683884152
72,"{'lr': 0.0001, 'epochs': 15, 'batch_size': 64, 'optimizer': <class 'torch.optim.adam.Adam'>, 'pooling_after_conv': False, 'weight_decay': 0.0}","{'num_conv_layers': 2, 'filters': 16, 'kernel_sizes': 5, 'use_batch_norm': False, 'dropout_rate': 0.5, 'pooling_type': 'max', 'num_fc_layers': 1, 'fc_units': 128}",mean accuracy:,tensor(0.6421),mean F0.5:,0.6512501066214498
73,"{'lr': 0.1, 'epochs': 5, 'batch_size': 16, 'optimizer': <class 'torch.optim.adam.Adam'>, 'pooling_after_conv': False, 'weight_decay': 0.01}","{'num_conv_layers': 3, 'filters': 32, 'kernel_sizes': 3, 'use_batch_norm': False, 'dropout_rate': 0.5, 'pooling_type': 'max', 'num_fc_layers': 1, 'fc_units': 128}",mean accuracy:,tensor(0.5018),mean F0.5:,0.5541032505454846
74,"{'lr': 0.01, 'epochs': 15, 'batch_size': 16, 'optimizer': <class 'torch.optim.adam.Adam'>, 'pooling_after_conv': False, 'weight_decay': 0.0001}","{'num_conv_layers': 4, 'filters': 64, 'kernel_sizes': 3, 'use_batch_norm': False, 'dropout_rate': 0.5, 'pooling_type': 'avg', 'num_fc_layers': 2, 'fc_units': 128}",mean accuracy:,tensor(0.5594),mean F0.5:,0.4962547104932349
75,"{'lr': 0.001, 'epochs': 5, 'batch_size': 64, 'optimizer': <class 'torch.optim.adam.Adam'>, 'pooling_after_conv': False, 'weight_decay': 0.01}","{'num_conv_layers': 4, 'filters': 16, 'kernel_sizes': 3, 'use_batch_norm': True, 'dropout_rate': 0.7, 'pooling_type': 'avg', 'num_fc_layers': 2, 'fc_units': 128}",mean accuracy:,tensor(0.5952),mean F0.5:,0.625479469204296
76,"{'lr': 0.0001, 'epochs': 15, 'batch_size': 32, 'optimizer': <class 'torch.optim.adam.Adam'>, 'pooling_after_conv': True, 'weight_decay': 0.0}","{'num_conv_layers': 3, 'filters': 32, 'kernel_sizes': 5, 'use_batch_norm': True, 'dropout_rate': 0.5, 'pooling_type': 'max', 'num_fc_layers': 1, 'fc_units': 128}",mean accuracy:,tensor(0.6725),mean F0.5:,0.6820696564084997
77,"{'lr': 0.01, 'epochs': 10, 'batch_size': 64, 'optimizer': <class 'torch.optim.adam.Adam'>, 'pooling_after_conv': True, 'weight_decay': 0.01}","{'num_conv_layers': 2, 'filters': 16, 'kernel_sizes': 5, 'use_batch_norm': True, 'dropout_rate': 0.7, 'pooling_type': 'avg', 'num_fc_layers': 2, 'fc_units': 256}",mean accuracy:,tensor(0.5574),mean F0.5:,0.5582630784875133
78,"{'lr': 0.0001, 'epochs': 15, 'batch_size': 32, 'optimizer': <class 'torch.optim.sgd.SGD'>, 'pooling_after_conv': True, 'weight_decay': 0.01}","{'num_conv_layers': 4, 'filters': 32, 'kernel_sizes': 3, 'use_batch_norm': True, 'dropout_rate': 0.7, 'pooling_type': 'max', 'num_fc_layers': 1, 'fc_units': 128}",mean accuracy:,tensor(0.5306),mean F0.5:,0.5654129526119426
79,"{'lr': 0.001, 'epochs': 5, 'batch_size': 64, 'optimizer': <class 'torch.optim.adam.Adam'>, 'pooling_after_conv': False, 'weight_decay': 0.0}","{'num_conv_layers': 4, 'filters': 32, 'kernel_sizes': 5, 'use_batch_norm': True, 'dropout_rate': 0.7, 'pooling_type': 'max', 'num_fc_layers': 2, 'fc_units': 256}",mean accuracy:,tensor(0.6403),mean F0.5:,0.6630525015523167
80,"{'lr': 0.001, 'epochs': 5, 'batch_size': 16, 'optimizer': <class 'torch.optim.sgd.SGD'>, 'pooling_after_conv': False, 'weight_decay': 1e-05}","{'num_conv_layers': 2, 'filters': 64, 'kernel_sizes': 3, 'use_batch_norm': False, 'dropout_rate': 0.4, 'pooling_type': 'avg', 'num_fc_layers': 1, 'fc_units': 128}",mean accuracy:,tensor(0.5018),mean F0.5:,0.11643365323571117
81,"{'lr': 0.01, 'epochs': 15, 'batch_size': 32, 'optimizer': <class 'torch.optim.sgd.SGD'>, 'pooling_after_conv': False, 'weight_decay': 0.0001}","{'num_conv_layers': 2, 'filters': 32, 'kernel_sizes': 5, 'use_batch_norm': True, 'dropout_rate': 0.4, 'pooling_type': 'avg', 'num_fc_layers': 1, 'fc_units': 256}",mean accuracy:,tensor(0.6355),mean F0.5:,0.6383663355298708
82,"{'lr': 0.1, 'epochs': 15, 'batch_size': 32, 'optimizer': <class 'torch.optim.adam.Adam'>, 'pooling_after_conv': False, 'weight_decay': 0.01}","{'num_conv_layers': 4, 'filters': 16, 'kernel_sizes': 3, 'use_batch_norm': False, 'dropout_rate': 0.5, 'pooling_type': 'avg', 'num_fc_layers': 1, 'fc_units': 256}",mean accuracy:,tensor(0.4839),mean F0.5:,0.20807330011478697
83,"{'lr': 0.1, 'epochs': 15, 'batch_size': 64, 'optimizer': <class 'torch.optim.sgd.SGD'>, 'pooling_after_conv': False, 'weight_decay': 0.01}","{'num_conv_layers': 4, 'filters': 32, 'kernel_sizes': 5, 'use_batch_norm': True, 'dropout_rate': 0.5, 'pooling_type': 'avg', 'num_fc_layers': 1, 'fc_units': 128}",mean accuracy:,tensor(0.5992),mean F0.5:,0.6301160921344156
84,"{'lr': 0.001, 'epochs': 10, 'batch_size': 8, 'optimizer': <class 'torch.optim.sgd.SGD'>, 'pooling_after_conv': True, 'weight_decay': 0.01}","{'num_conv_layers': 2, 'filters': 32, 'kernel_sizes': 5, 'use_batch_norm': True, 'dropout_rate': 0.4, 'pooling_type': 'avg', 'num_fc_layers': 2, 'fc_units': 256}",mean accuracy:,tensor(0.6303),mean F0.5:,0.5775779616848339
85,"{'lr': 0.1, 'epochs': 5, 'batch_size': 8, 'optimizer': <class 'torch.optim.adam.Adam'>, 'pooling_after_conv': True, 'weight_decay': 1e-05}","{'num_conv_layers': 2, 'filters': 32, 'kernel_sizes': 3, 'use_batch_norm': True, 'dropout_rate': 0.2, 'pooling_type': 'avg', 'num_fc_layers': 1, 'fc_units': 256}",mean accuracy:,tensor(0.5705),mean F0.5:,0.3202803446441921
86,"{'lr': 0.0001, 'epochs': 15, 'batch_size': 64, 'optimizer': <class 'torch.optim.adam.Adam'>, 'pooling_after_conv': False, 'weight_decay': 0.01}","{'num_conv_layers': 2, 'filters': 16, 'kernel_sizes': 3, 'use_batch_norm': True, 'dropout_rate': 0.4, 'pooling_type': 'max', 'num_fc_layers': 1, 'fc_units': 128}",mean accuracy:,tensor(0.6634),mean F0.5:,0.6856389351742723
87,"{'lr': 0.01, 'epochs': 15, 'batch_size': 32, 'optimizer': <class 'torch.optim.sgd.SGD'>, 'pooling_after_conv': True, 'weight_decay': 0.0001}","{'num_conv_layers': 2, 'filters': 64, 'kernel_sizes': 5, 'use_batch_norm': False, 'dropout_rate': 0.5, 'pooling_type': 'avg', 'num_fc_layers': 2, 'fc_units': 128}",mean accuracy:,tensor(0.5870),mean F0.5:,0.5244111845340501
88,"{'lr': 0.01, 'epochs': 10, 'batch_size': 16, 'optimizer': <class 'torch.optim.sgd.SGD'>, 'pooling_after_conv': True, 'weight_decay': 0.01}","{'num_conv_layers': 2, 'filters': 64, 'kernel_sizes': 3, 'use_batch_norm': True, 'dropout_rate': 0.5, 'pooling_type': 'max', 'num_fc_layers': 2, 'fc_units': 256}",mean accuracy:,tensor(0.6344),mean F0.5:,0.6341867564365807
89,"{'lr': 0.0001, 'epochs': 10, 'batch_size': 8, 'optimizer': <class 'torch.optim.sgd.SGD'>, 'pooling_after_conv': True, 'weight_decay': 1e-05}","{'num_conv_layers': 4, 'filters': 64, 'kernel_sizes': 5, 'use_batch_norm': True, 'dropout_rate': 0.2, 'pooling_type': 'max', 'num_fc_layers': 2, 'fc_units': 128}",mean accuracy:,tensor(0.5576),mean F0.5:,0.5476359906884779
90,"{'lr': 0.001, 'epochs': 10, 'batch_size': 32, 'optimizer': <class 'torch.optim.adam.Adam'>, 'pooling_after_conv': False, 'weight_decay': 0.0001}","{'num_conv_layers': 3, 'filters': 16, 'kernel_sizes': 3, 'use_batch_norm': False, 'dropout_rate': 0.2, 'pooling_type': 'max', 'num_fc_layers': 2, 'fc_units': 128}",mean accuracy:,tensor(0.6737),mean F0.5:,0.6851058802137847
91,"{'lr': 0.001, 'epochs': 10, 'batch_size': 16, 'optimizer': <class 'torch.optim.sgd.SGD'>, 'pooling_after_conv': False, 'weight_decay': 0.0}","{'num_conv_layers': 3, 'filters': 32, 'kernel_sizes': 3, 'use_batch_norm': True, 'dropout_rate': 0.5, 'pooling_type': 'avg', 'num_fc_layers': 1, 'fc_units': 256}",mean accuracy:,tensor(0.6352),mean F0.5:,0.6271723076771821
92,"{'lr': 0.0001, 'epochs': 5, 'batch_size': 16, 'optimizer': <class 'torch.optim.adam.Adam'>, 'pooling_after_conv': False, 'weight_decay': 0.0001}","{'num_conv_layers': 4, 'filters': 32, 'kernel_sizes': 3, 'use_batch_norm': False, 'dropout_rate': 0.5, 'pooling_type': 'max', 'num_fc_layers': 2, 'fc_units': 256}",mean accuracy:,tensor(0.6716),mean F0.5:,0.6589387645720971
93,"{'lr': 0.0001, 'epochs': 5, 'batch_size': 64, 'optimizer': <class 'torch.optim.sgd.SGD'>, 'pooling_after_conv': True, 'weight_decay': 0.01}","{'num_conv_layers': 4, 'filters': 16, 'kernel_sizes': 3, 'use_batch_norm': False, 'dropout_rate': 0.7, 'pooling_type': 'max', 'num_fc_layers': 2, 'fc_units': 256}",mean accuracy:,tensor(0.4849),mean F0.5:,0.3243032670859098
94,"{'lr': 0.001, 'epochs': 15, 'batch_size': 64, 'optimizer': <class 'torch.optim.sgd.SGD'>, 'pooling_after_conv': False, 'weight_decay': 1e-05}","{'num_conv_layers': 3, 'filters': 16, 'kernel_sizes': 5, 'use_batch_norm': False, 'dropout_rate': 0.5, 'pooling_type': 'max', 'num_fc_layers': 1, 'fc_units': 256}",mean accuracy:,tensor(0.5161),mean F0.5:,0.429030264774971
95,"{'lr': 0.01, 'epochs': 10, 'batch_size': 32, 'optimizer': <class 'torch.optim.sgd.SGD'>, 'pooling_after_conv': True, 'weight_decay': 0.0001}","{'num_conv_layers': 2, 'filters': 64, 'kernel_sizes': 3, 'use_batch_norm': False, 'dropout_rate': 0.2, 'pooling_type': 'avg', 'num_fc_layers': 2, 'fc_units': 128}",mean accuracy:,tensor(0.5019),mean F0.5:,0.21579164436338782
96,"{'lr': 0.1, 'epochs': 10, 'batch_size': 64, 'optimizer': <class 'torch.optim.sgd.SGD'>, 'pooling_after_conv': False, 'weight_decay': 0.0001}","{'num_conv_layers': 4, 'filters': 64, 'kernel_sizes': 3, 'use_batch_norm': True, 'dropout_rate': 0.7, 'pooling_type': 'avg', 'num_fc_layers': 1, 'fc_units': 128}",mean accuracy:,tensor(0.5921),mean F0.5:,0.6281206676543605
97,"{'lr': 0.001, 'epochs': 15, 'batch_size': 64, 'optimizer': <class 'torch.optim.adam.Adam'>, 'pooling_after_conv': True, 'weight_decay': 1e-05}","{'num_conv_layers': 4, 'filters': 32, 'kernel_sizes': 5, 'use_batch_norm': False, 'dropout_rate': 0.7, 'pooling_type': 'avg', 'num_fc_layers': 2, 'fc_units': 256}",mean accuracy:,tensor(0.6610),mean F0.5:,0.6787366668230264
98,"{'lr': 0.001, 'epochs': 15, 'batch_size': 64, 'optimizer': <class 'torch.optim.sgd.SGD'>, 'pooling_after_conv': False, 'weight_decay': 0.01}","{'num_conv_layers': 4, 'filters': 16, 'kernel_sizes': 3, 'use_batch_norm': False, 'dropout_rate': 0.7, 'pooling_type': 'avg', 'num_fc_layers': 1, 'fc_units': 256}",mean accuracy:,tensor(0.5011),mean F0.5:,0.0
99,"{'lr': 0.0001, 'epochs': 10, 'batch_size': 8, 'optimizer': <class 'torch.optim.adam.Adam'>, 'pooling_after_conv': True, 'weight_decay': 0.01}","{'num_conv_layers': 4, 'filters': 16, 'kernel_sizes': 3, 'use_batch_norm': True, 'dropout_rate': 0.2, 'pooling_type': 'avg', 'num_fc_layers': 1, 'fc_units': 128}",mean accuracy:,tensor(0.6798),mean F0.5:,0.6296808035378924
100,"{'lr': 0.0001, 'epochs': 15, 'batch_size': 64, 'optimizer': <class 'torch.optim.sgd.SGD'>, 'pooling_after_conv': False, 'weight_decay': 0.0001}","{'num_conv_layers': 2, 'filters': 64, 'kernel_sizes': 3, 'use_batch_norm': True, 'dropout_rate': 0.2, 'pooling_type': 'avg', 'num_fc_layers': 1, 'fc_units': 256}",mean accuracy:,tensor(0.5430),mean F0.5:,0.3243934864988781
1,"{'lr': 0.01, 'epochs': 15, 'batch_size': 16, 'optimizer': <class 'torch.optim.sgd.SGD'>, 'pooling_after_conv': True, 'weight_decay': 1e-05}","{'num_conv_layers': 3, 'filters': 32, 'kernel_sizes': 3, 'use_batch_norm': True, 'dropout_rate': 0.7, 'pooling_type': 'avg', 'num_fc_layers': 2, 'fc_units': 256}",mean accuracy:,tensor(0.6592),mean F0.5:,0.6715021557831762
2,"{'lr': 0.001, 'epochs': 15, 'batch_size': 16, 'optimizer': <class 'torch.optim.adam.Adam'>, 'pooling_after_conv': False, 'weight_decay': 0.0001}","{'num_conv_layers': 3, 'filters': 64, 'kernel_sizes': 5, 'use_batch_norm': True, 'dropout_rate': 0.2, 'pooling_type': 'max', 'num_fc_layers': 2, 'fc_units': 128}",mean accuracy:,tensor(0.5927),mean F0.5:,0.6173973063878213
3,"{'lr': 0.01, 'epochs': 5, 'batch_size': 8, 'optimizer': <class 'torch.optim.sgd.SGD'>, 'pooling_after_conv': False, 'weight_decay': 0.0001}","{'num_conv_layers': 3, 'filters': 64, 'kernel_sizes': 5, 'use_batch_norm': False, 'dropout_rate': 0.5, 'pooling_type': 'max', 'num_fc_layers': 1, 'fc_units': 256}",mean accuracy:,tensor(0.6110),mean F0.5:,0.5133872496658053
4,"{'lr': 0.001, 'epochs': 15, 'batch_size': 32, 'optimizer': <class 'torch.optim.adam.Adam'>, 'pooling_after_conv': False, 'weight_decay': 1e-05}","{'num_conv_layers': 2, 'filters': 16, 'kernel_sizes': 3, 'use_batch_norm': True, 'dropout_rate': 0.2, 'pooling_type': 'avg', 'num_fc_layers': 1, 'fc_units': 128}",mean accuracy:,tensor(0.6196),mean F0.5:,0.6376623387337312
5,"{'lr': 0.0001, 'epochs': 5, 'batch_size': 64, 'optimizer': <class 'torch.optim.sgd.SGD'>, 'pooling_after_conv': False, 'weight_decay': 0.0}","{'num_conv_layers': 3, 'filters': 64, 'kernel_sizes': 5, 'use_batch_norm': False, 'dropout_rate': 0.2, 'pooling_type': 'avg', 'num_fc_layers': 2, 'fc_units': 128}",mean accuracy:,tensor(0.5137),mean F0.5:,0.33685417676803137
6,"{'lr': 0.01, 'epochs': 10, 'batch_size': 64, 'optimizer': <class 'torch.optim.adam.Adam'>, 'pooling_after_conv': False, 'weight_decay': 0.01}","{'num_conv_layers': 4, 'filters': 64, 'kernel_sizes': 3, 'use_batch_norm': False, 'dropout_rate': 0.7, 'pooling_type': 'avg', 'num_fc_layers': 2, 'fc_units': 256}",mean accuracy:,tensor(0.4828),mean F0.5:,0.32147113227205587
7,"{'lr': 0.1, 'epochs': 10, 'batch_size': 8, 'optimizer': <class 'torch.optim.adam.Adam'>, 'pooling_after_conv': True, 'weight_decay': 0.0001}","{'num_conv_layers': 3, 'filters': 32, 'kernel_sizes': 5, 'use_batch_norm': False, 'dropout_rate': 0.5, 'pooling_type': 'max', 'num_fc_layers': 1, 'fc_units': 256}",mean accuracy:,tensor(0.5008),mean F0.5:,0.44051093665678237
8,"{'lr': 0.0001, 'epochs': 15, 'batch_size': 8, 'optimizer': <class 'torch.optim.adam.Adam'>, 'pooling_after_conv': True, 'weight_decay': 0.0001}","{'num_conv_layers': 3, 'filters': 64, 'kernel_sizes': 5, 'use_batch_norm': False, 'dropout_rate': 0.5, 'pooling_type': 'max', 'num_fc_layers': 2, 'fc_units': 128}",mean accuracy:,tensor(0.7003),mean F0.5:,0.6394121528532696
9,"{'lr': 0.01, 'epochs': 5, 'batch_size': 32, 'optimizer': <class 'torch.optim.adam.Adam'>, 'pooling_after_conv': True, 'weight_decay': 0.0}","{'num_conv_layers': 3, 'filters': 32, 'kernel_sizes': 3, 'use_batch_norm': True, 'dropout_rate': 0.7, 'pooling_type': 'avg', 'num_fc_layers': 2, 'fc_units': 128}",mean accuracy:,tensor(0.5945),mean F0.5:,0.6189357902645947
10,"{'lr': 0.1, 'epochs': 10, 'batch_size': 8, 'optimizer': <class 'torch.optim.adam.Adam'>, 'pooling_after_conv': False, 'weight_decay': 0.0001}","{'num_conv_layers': 4, 'filters': 16, 'kernel_sizes': 3, 'use_batch_norm': True, 'dropout_rate': 0.4, 'pooling_type': 'max', 'num_fc_layers': 1, 'fc_units': 128}",mean accuracy:,tensor(0.5139),mean F0.5:,0.11469828836569122
1,"{'lr': 0.01, 'epochs': 15, 'batch_size': 16, 'optimizer': <class 'torch.optim.sgd.SGD'>, 'pooling_after_conv': True, 'weight_decay': 1e-05}","{'num_conv_layers': 3, 'filters': 32, 'kernel_sizes': 3, 'use_batch_norm': True, 'dropout_rate': 0.7, 'pooling_type': 'avg', 'num_fc_layers': 2, 'fc_units': 256}",mean accuracy:,tensor(0.6597),mean F0.5:,0.6753187617872274
2,"{'lr': 0.001, 'epochs': 15, 'batch_size': 16, 'optimizer': <class 'torch.optim.adam.Adam'>, 'pooling_after_conv': False, 'weight_decay': 0.0001}","{'num_conv_layers': 3, 'filters': 64, 'kernel_sizes': 5, 'use_batch_norm': True, 'dropout_rate': 0.2, 'pooling_type': 'max', 'num_fc_layers': 2, 'fc_units': 128}",mean accuracy:,tensor(0.5415),mean F0.5:,0.5761001612168419
3,"{'lr': 0.01, 'epochs': 5, 'batch_size': 8, 'optimizer': <class 'torch.optim.sgd.SGD'>, 'pooling_after_conv': False, 'weight_decay': 0.0001}","{'num_conv_layers': 3, 'filters': 64, 'kernel_sizes': 5, 'use_batch_norm': False, 'dropout_rate': 0.5, 'pooling_type': 'max', 'num_fc_layers': 1, 'fc_units': 256}",mean accuracy:,tensor(0.6110),mean F0.5:,0.5133872496658053
4,"{'lr': 0.001, 'epochs': 15, 'batch_size': 32, 'optimizer': <class 'torch.optim.adam.Adam'>, 'pooling_after_conv': False, 'weight_decay': 1e-05}","{'num_conv_layers': 2, 'filters': 16, 'kernel_sizes': 3, 'use_batch_norm': True, 'dropout_rate': 0.2, 'pooling_type': 'avg', 'num_fc_layers': 1, 'fc_units': 128}",mean accuracy:,tensor(0.6202),mean F0.5:,0.6380070854932479
5,"{'lr': 0.0001, 'epochs': 5, 'batch_size': 64, 'optimizer': <class 'torch.optim.sgd.SGD'>, 'pooling_after_conv': False, 'weight_decay': 0.0}","{'num_conv_layers': 3, 'filters': 64, 'kernel_sizes': 5, 'use_batch_norm': False, 'dropout_rate': 0.2, 'pooling_type': 'avg', 'num_fc_layers': 2, 'fc_units': 128}",mean accuracy:,tensor(0.5137),mean F0.5:,0.33685417676803137
6,"{'lr': 0.01, 'epochs': 10, 'batch_size': 64, 'optimizer': <class 'torch.optim.adam.Adam'>, 'pooling_after_conv': False, 'weight_decay': 0.01}","{'num_conv_layers': 4, 'filters': 64, 'kernel_sizes': 3, 'use_batch_norm': False, 'dropout_rate': 0.7, 'pooling_type': 'avg', 'num_fc_layers': 2, 'fc_units': 256}",mean accuracy:,tensor(0.4828),mean F0.5:,0.32147113227205587
7,"{'lr': 0.1, 'epochs': 10, 'batch_size': 8, 'optimizer': <class 'torch.optim.adam.Adam'>, 'pooling_after_conv': True, 'weight_decay': 0.0001}","{'num_conv_layers': 3, 'filters': 32, 'kernel_sizes': 5, 'use_batch_norm': False, 'dropout_rate': 0.5, 'pooling_type': 'max', 'num_fc_layers': 1, 'fc_units': 256}",mean accuracy:,tensor(0.5153),mean F0.5:,0.3382898497694112
8,"{'lr': 0.0001, 'epochs': 15, 'batch_size': 8, 'optimizer': <class 'torch.optim.adam.Adam'>, 'pooling_after_conv': True, 'weight_decay': 0.0001}","{'num_conv_layers': 3, 'filters': 64, 'kernel_sizes': 5, 'use_batch_norm': False, 'dropout_rate': 0.5, 'pooling_type': 'max', 'num_fc_layers': 2, 'fc_units': 128}",mean accuracy:,tensor(0.6989),mean F0.5:,0.6430795240939204
9,"{'lr': 0.01, 'epochs': 5, 'batch_size': 32, 'optimizer': <class 'torch.optim.adam.Adam'>, 'pooling_after_conv': True, 'weight_decay': 0.0}","{'num_conv_layers': 3, 'filters': 32, 'kernel_sizes': 3, 'use_batch_norm': True, 'dropout_rate': 0.7, 'pooling_type': 'avg', 'num_fc_layers': 2, 'fc_units': 128}",mean accuracy:,tensor(0.5478),mean F0.5:,0.5667765164199408
10,"{'lr': 0.1, 'epochs': 10, 'batch_size': 8, 'optimizer': <class 'torch.optim.adam.Adam'>, 'pooling_after_conv': False, 'weight_decay': 0.0001}","{'num_conv_layers': 4, 'filters': 16, 'kernel_sizes': 3, 'use_batch_norm': True, 'dropout_rate': 0.4, 'pooling_type': 'max', 'num_fc_layers': 1, 'fc_units': 128}",mean accuracy:,tensor(0.5139),mean F0.5:,0.11469828836569122
1,"{'lr': 0.01, 'epochs': 15, 'batch_size': 16, 'optimizer': <class 'torch.optim.sgd.SGD'>, 'pooling_after_conv': True, 'weight_decay': 1e-05}","{'num_conv_layers': 3, 'filters': 32, 'kernel_sizes': 3, 'use_batch_norm': True, 'dropout_rate': 0.7, 'pooling_type': 'avg', 'num_fc_layers': 2, 'fc_units': 256}",mean accuracy:,tensor(0.6599),mean F0.5:,0.6720433798560822
1,"{'lr': 0.01, 'epochs': 15, 'batch_size': 16, 'optimizer': <class 'torch.optim.sgd.SGD'>, 'pooling_after_conv': True, 'weight_decay': 1e-05}","{'num_conv_layers': 3, 'filters': 32, 'kernel_sizes': 3, 'use_batch_norm': True, 'dropout_rate': 0.7, 'pooling_type': 'avg', 'num_fc_layers': 2, 'fc_units': 256}",mean accuracy:,tensor(0.6559),mean F0.5:,0.6632405083446175
1,"{'lr': 0.01, 'epochs': 15, 'batch_size': 16, 'optimizer': <class 'torch.optim.sgd.SGD'>, 'pooling_after_conv': True, 'weight_decay': 1e-05}","{'num_conv_layers': 3, 'filters': 32, 'kernel_sizes': 3, 'use_batch_norm': True, 'dropout_rate': 0.7, 'pooling_type': 'avg', 'num_fc_layers': 2, 'fc_units': 256}",mean accuracy:,tensor(0.6597),mean F0.5:,0.6753187617872274
1,"{'lr': 0.01, 'epochs': 15, 'batch_size': 16, 'optimizer': <class 'torch.optim.sgd.SGD'>, 'pooling_after_conv': True, 'weight_decay': 1e-05}","{'num_conv_layers': 3, 'filters': 32, 'kernel_sizes': 3, 'use_batch_norm': True, 'dropout_rate': 0.7, 'pooling_type': 'avg', 'num_fc_layers': 2, 'fc_units': 256}",mean accuracy:,tensor(0.6579),mean F0.5:,0.6707286489926831
2,"{'lr': 0.001, 'epochs': 15, 'batch_size': 16, 'optimizer': <class 'torch.optim.adam.Adam'>, 'pooling_after_conv': False, 'weight_decay': 0.0001}","{'num_conv_layers': 3, 'filters': 64, 'kernel_sizes': 5, 'use_batch_norm': True, 'dropout_rate': 0.2, 'pooling_type': 'max', 'num_fc_layers': 2, 'fc_units': 128}",mean accuracy:,tensor(0.5677),mean F0.5:,0.5889246340273154
3,"{'lr': 0.01, 'epochs': 5, 'batch_size': 8, 'optimizer': <class 'torch.optim.sgd.SGD'>, 'pooling_after_conv': False, 'weight_decay': 0.0001}","{'num_conv_layers': 3, 'filters': 64, 'kernel_sizes': 5, 'use_batch_norm': False, 'dropout_rate': 0.5, 'pooling_type': 'max', 'num_fc_layers': 1, 'fc_units': 256}",mean accuracy:,tensor(0.6110),mean F0.5:,0.5133872496658053
4,"{'lr': 0.001, 'epochs': 15, 'batch_size': 32, 'optimizer': <class 'torch.optim.adam.Adam'>, 'pooling_after_conv': False, 'weight_decay': 1e-05}","{'num_conv_layers': 2, 'filters': 16, 'kernel_sizes': 3, 'use_batch_norm': True, 'dropout_rate': 0.2, 'pooling_type': 'avg', 'num_fc_layers': 1, 'fc_units': 128}",mean accuracy:,tensor(0.6437),mean F0.5:,0.6496561430414568
5,"{'lr': 0.0001, 'epochs': 5, 'batch_size': 64, 'optimizer': <class 'torch.optim.sgd.SGD'>, 'pooling_after_conv': False, 'weight_decay': 0.0}","{'num_conv_layers': 3, 'filters': 64, 'kernel_sizes': 5, 'use_batch_norm': False, 'dropout_rate': 0.2, 'pooling_type': 'avg', 'num_fc_layers': 2, 'fc_units': 128}",mean accuracy:,tensor(0.5137),mean F0.5:,0.33685417676803137
1,"{'lr': 0.01, 'epochs': 15, 'batch_size': 16, 'optimizer': <class 'torch.optim.sgd.SGD'>, 'pooling_after_conv': True, 'weight_decay': 1e-05}","{'num_conv_layers': 3, 'filters': 32, 'kernel_sizes': 3, 'use_batch_norm': True, 'dropout_rate': 0.7, 'pooling_type': 'avg', 'num_fc_layers': 2, 'fc_units': 256}",mean accuracy:,tensor(0.6551),mean F0.5:,0.6711462915826354
2,"{'lr': 0.001, 'epochs': 15, 'batch_size': 16, 'optimizer': <class 'torch.optim.adam.Adam'>, 'pooling_after_conv': False, 'weight_decay': 0.0001}","{'num_conv_layers': 3, 'filters': 64, 'kernel_sizes': 5, 'use_batch_norm': True, 'dropout_rate': 0.2, 'pooling_type': 'max', 'num_fc_layers': 2, 'fc_units': 128}",mean accuracy:,tensor(0.5764),mean F0.5:,0.6071932460966607
3,"{'lr': 0.01, 'epochs': 5, 'batch_size': 8, 'optimizer': <class 'torch.optim.sgd.SGD'>, 'pooling_after_conv': False, 'weight_decay': 0.0001}","{'num_conv_layers': 3, 'filters': 64, 'kernel_sizes': 5, 'use_batch_norm': False, 'dropout_rate': 0.5, 'pooling_type': 'max', 'num_fc_layers': 1, 'fc_units': 256}",mean accuracy:,tensor(0.6110),mean F0.5:,0.5133872496658053
4,"{'lr': 0.001, 'epochs': 15, 'batch_size': 32, 'optimizer': <class 'torch.optim.adam.Adam'>, 'pooling_after_conv': False, 'weight_decay': 1e-05}","{'num_conv_layers': 2, 'filters': 16, 'kernel_sizes': 3, 'use_batch_norm': True, 'dropout_rate': 0.2, 'pooling_type': 'avg', 'num_fc_layers': 1, 'fc_units': 128}",mean accuracy:,tensor(0.6352),mean F0.5:,0.6436458966397429
5,"{'lr': 0.0001, 'epochs': 5, 'batch_size': 64, 'optimizer': <class 'torch.optim.sgd.SGD'>, 'pooling_after_conv': False, 'weight_decay': 0.0}","{'num_conv_layers': 3, 'filters': 64, 'kernel_sizes': 5, 'use_batch_norm': False, 'dropout_rate': 0.2, 'pooling_type': 'avg', 'num_fc_layers': 2, 'fc_units': 128}",mean accuracy:,tensor(0.5137),mean F0.5:,0.33685417676803137
6,"{'lr': 0.01, 'epochs': 10, 'batch_size': 64, 'optimizer': <class 'torch.optim.adam.Adam'>, 'pooling_after_conv': False, 'weight_decay': 0.01}","{'num_conv_layers': 4, 'filters': 64, 'kernel_sizes': 3, 'use_batch_norm': False, 'dropout_rate': 0.7, 'pooling_type': 'avg', 'num_fc_layers': 2, 'fc_units': 256}",mean accuracy:,tensor(0.4828),mean F0.5:,0.32147113227205587
7,"{'lr': 0.1, 'epochs': 10, 'batch_size': 8, 'optimizer': <class 'torch.optim.adam.Adam'>, 'pooling_after_conv': True, 'weight_decay': 0.0001}","{'num_conv_layers': 3, 'filters': 32, 'kernel_sizes': 5, 'use_batch_norm': False, 'dropout_rate': 0.5, 'pooling_type': 'max', 'num_fc_layers': 1, 'fc_units': 256}",mean accuracy:,tensor(0.5087),mean F0.5:,0.2256868249069141
8,"{'lr': 0.0001, 'epochs': 15, 'batch_size': 8, 'optimizer': <class 'torch.optim.adam.Adam'>, 'pooling_after_conv': True, 'weight_decay': 0.0001}","{'num_conv_layers': 3, 'filters': 64, 'kernel_sizes': 5, 'use_batch_norm': False, 'dropout_rate': 0.5, 'pooling_type': 'max', 'num_fc_layers': 2, 'fc_units': 128}",mean accuracy:,tensor(0.7003),mean F0.5:,0.6392550497695061
9,"{'lr': 0.01, 'epochs': 5, 'batch_size': 32, 'optimizer': <class 'torch.optim.adam.Adam'>, 'pooling_after_conv': True, 'weight_decay': 0.0}","{'num_conv_layers': 3, 'filters': 32, 'kernel_sizes': 3, 'use_batch_norm': True, 'dropout_rate': 0.7, 'pooling_type': 'avg', 'num_fc_layers': 2, 'fc_units': 128}",mean accuracy:,tensor(0.6188),mean F0.5:,0.6208598728923891
10,"{'lr': 0.1, 'epochs': 10, 'batch_size': 8, 'optimizer': <class 'torch.optim.adam.Adam'>, 'pooling_after_conv': False, 'weight_decay': 0.0001}","{'num_conv_layers': 4, 'filters': 16, 'kernel_sizes': 3, 'use_batch_norm': True, 'dropout_rate': 0.4, 'pooling_type': 'max', 'num_fc_layers': 1, 'fc_units': 128}",mean accuracy:,tensor(0.5139),mean F0.5:,0.11469828836569122
1,"{'lr': 0.01, 'epochs': 15, 'batch_size': 16, 'optimizer': <class 'torch.optim.sgd.SGD'>, 'pooling_after_conv': True, 'weight_decay': 1e-05}","{'num_conv_layers': 3, 'filters': 32, 'kernel_sizes': 3, 'use_batch_norm': True, 'dropout_rate': 0.7, 'pooling_type': 'avg', 'num_fc_layers': 2, 'fc_units': 256}",mean accuracy:,tensor(0.7621),mean F0.5:,0.7554850048258915
2,"{'lr': 0.001, 'epochs': 15, 'batch_size': 16, 'optimizer': <class 'torch.optim.adam.Adam'>, 'pooling_after_conv': False, 'weight_decay': 0.0001}","{'num_conv_layers': 3, 'filters': 64, 'kernel_sizes': 5, 'use_batch_norm': True, 'dropout_rate': 0.2, 'pooling_type': 'max', 'num_fc_layers': 2, 'fc_units': 128}",mean accuracy:,tensor(0.7794),mean F0.5:,0.7730186358317264
3,"{'lr': 0.01, 'epochs': 5, 'batch_size': 8, 'optimizer': <class 'torch.optim.sgd.SGD'>, 'pooling_after_conv': False, 'weight_decay': 0.0001}","{'num_conv_layers': 3, 'filters': 64, 'kernel_sizes': 5, 'use_batch_norm': False, 'dropout_rate': 0.5, 'pooling_type': 'max', 'num_fc_layers': 1, 'fc_units': 256}",mean accuracy:,tensor(0.6304),mean F0.5:,0.49777074689359
4,"{'lr': 0.001, 'epochs': 15, 'batch_size': 32, 'optimizer': <class 'torch.optim.adam.Adam'>, 'pooling_after_conv': False, 'weight_decay': 1e-05}","{'num_conv_layers': 2, 'filters': 16, 'kernel_sizes': 3, 'use_batch_norm': True, 'dropout_rate': 0.2, 'pooling_type': 'avg', 'num_fc_layers': 1, 'fc_units': 128}",mean accuracy:,tensor(0.7632),mean F0.5:,0.7683344833019342
5,"{'lr': 0.0001, 'epochs': 5, 'batch_size': 64, 'optimizer': <class 'torch.optim.sgd.SGD'>, 'pooling_after_conv': False, 'weight_decay': 0.0}","{'num_conv_layers': 3, 'filters': 64, 'kernel_sizes': 5, 'use_batch_norm': False, 'dropout_rate': 0.2, 'pooling_type': 'avg', 'num_fc_layers': 2, 'fc_units': 128}",mean accuracy:,tensor(0.4813),mean F0.5:,0.10126473610425757
6,"{'lr': 0.01, 'epochs': 10, 'batch_size': 64, 'optimizer': <class 'torch.optim.adam.Adam'>, 'pooling_after_conv': False, 'weight_decay': 0.01}","{'num_conv_layers': 4, 'filters': 64, 'kernel_sizes': 3, 'use_batch_norm': False, 'dropout_rate': 0.7, 'pooling_type': 'avg', 'num_fc_layers': 2, 'fc_units': 256}",mean accuracy:,tensor(0.4840),mean F0.5:,0.21426336554477574
7,"{'lr': 0.1, 'epochs': 10, 'batch_size': 8, 'optimizer': <class 'torch.optim.adam.Adam'>, 'pooling_after_conv': True, 'weight_decay': 0.0001}","{'num_conv_layers': 3, 'filters': 32, 'kernel_sizes': 5, 'use_batch_norm': False, 'dropout_rate': 0.5, 'pooling_type': 'max', 'num_fc_layers': 1, 'fc_units': 256}",mean accuracy:,tensor(0.5167),mean F0.5:,0.22125069890704024
8,"{'lr': 0.0001, 'epochs': 15, 'batch_size': 8, 'optimizer': <class 'torch.optim.adam.Adam'>, 'pooling_after_conv': True, 'weight_decay': 0.0001}","{'num_conv_layers': 3, 'filters': 64, 'kernel_sizes': 5, 'use_batch_norm': False, 'dropout_rate': 0.5, 'pooling_type': 'max', 'num_fc_layers': 2, 'fc_units': 128}",mean accuracy:,tensor(0.7717),mean F0.5:,0.7476254993518008
9,"{'lr': 0.01, 'epochs': 5, 'batch_size': 32, 'optimizer': <class 'torch.optim.adam.Adam'>, 'pooling_after_conv': True, 'weight_decay': 0.0}","{'num_conv_layers': 3, 'filters': 32, 'kernel_sizes': 3, 'use_batch_norm': True, 'dropout_rate': 0.7, 'pooling_type': 'avg', 'num_fc_layers': 2, 'fc_units': 128}",mean accuracy:,tensor(0.7702),mean F0.5:,0.7675457817728639
10,"{'lr': 0.1, 'epochs': 10, 'batch_size': 8, 'optimizer': <class 'torch.optim.adam.Adam'>, 'pooling_after_conv': False, 'weight_decay': 0.0001}","{'num_conv_layers': 4, 'filters': 16, 'kernel_sizes': 3, 'use_batch_norm': True, 'dropout_rate': 0.4, 'pooling_type': 'max', 'num_fc_layers': 1, 'fc_units': 128}",mean accuracy:,tensor(0.5521),mean F0.5:,0.3582262564306685
1,"{'lr': 0.01, 'epochs': 15, 'batch_size': 16, 'optimizer': <class 'torch.optim.sgd.SGD'>, 'pooling_after_conv': True, 'weight_decay': 1e-05}","{'num_conv_layers': 3, 'filters': 32, 'kernel_sizes': 3, 'use_batch_norm': True, 'dropout_rate': 0.7, 'pooling_type': 'avg', 'num_fc_layers': 2, 'fc_units': 256}",mean accuracy:,tensor(0.7634),mean F0.5:,0.7557947289739213
2,"{'lr': 0.001, 'epochs': 15, 'batch_size': 16, 'optimizer': <class 'torch.optim.adam.Adam'>, 'pooling_after_conv': False, 'weight_decay': 0.0001}","{'num_conv_layers': 3, 'filters': 64, 'kernel_sizes': 5, 'use_batch_norm': True, 'dropout_rate': 0.2, 'pooling_type': 'max', 'num_fc_layers': 2, 'fc_units': 128}",mean accuracy:,tensor(0.7744),mean F0.5:,0.7674735255133998
3,"{'lr': 0.01, 'epochs': 5, 'batch_size': 8, 'optimizer': <class 'torch.optim.sgd.SGD'>, 'pooling_after_conv': False, 'weight_decay': 0.0001}","{'num_conv_layers': 3, 'filters': 64, 'kernel_sizes': 5, 'use_batch_norm': False, 'dropout_rate': 0.5, 'pooling_type': 'max', 'num_fc_layers': 1, 'fc_units': 256}",mean accuracy:,tensor(0.6304),mean F0.5:,0.49777074689359
4,"{'lr': 0.001, 'epochs': 15, 'batch_size': 32, 'optimizer': <class 'torch.optim.adam.Adam'>, 'pooling_after_conv': False, 'weight_decay': 1e-05}","{'num_conv_layers': 2, 'filters': 16, 'kernel_sizes': 3, 'use_batch_norm': True, 'dropout_rate': 0.2, 'pooling_type': 'avg', 'num_fc_layers': 1, 'fc_units': 128}",mean accuracy:,tensor(0.7672),mean F0.5:,0.7709491083278099
5,"{'lr': 0.0001, 'epochs': 5, 'batch_size': 64, 'optimizer': <class 'torch.optim.sgd.SGD'>, 'pooling_after_conv': False, 'weight_decay': 0.0}","{'num_conv_layers': 3, 'filters': 64, 'kernel_sizes': 5, 'use_batch_norm': False, 'dropout_rate': 0.2, 'pooling_type': 'avg', 'num_fc_layers': 2, 'fc_units': 128}",mean accuracy:,tensor(0.4813),mean F0.5:,0.10126473610425757
6,"{'lr': 0.01, 'epochs': 10, 'batch_size': 64, 'optimizer': <class 'torch.optim.adam.Adam'>, 'pooling_after_conv': False, 'weight_decay': 0.01}","{'num_conv_layers': 4, 'filters': 64, 'kernel_sizes': 3, 'use_batch_norm': False, 'dropout_rate': 0.7, 'pooling_type': 'avg', 'num_fc_layers': 2, 'fc_units': 256}",mean accuracy:,tensor(0.4840),mean F0.5:,0.21426336554477574
7,"{'lr': 0.1, 'epochs': 10, 'batch_size': 8, 'optimizer': <class 'torch.optim.adam.Adam'>, 'pooling_after_conv': True, 'weight_decay': 0.0001}","{'num_conv_layers': 3, 'filters': 32, 'kernel_sizes': 5, 'use_batch_norm': False, 'dropout_rate': 0.5, 'pooling_type': 'max', 'num_fc_layers': 1, 'fc_units': 256}",mean accuracy:,tensor(0.5167),mean F0.5:,0.22125069890704024
8,"{'lr': 0.0001, 'epochs': 15, 'batch_size': 8, 'optimizer': <class 'torch.optim.adam.Adam'>, 'pooling_after_conv': True, 'weight_decay': 0.0001}","{'num_conv_layers': 3, 'filters': 64, 'kernel_sizes': 5, 'use_batch_norm': False, 'dropout_rate': 0.5, 'pooling_type': 'max', 'num_fc_layers': 2, 'fc_units': 128}",mean accuracy:,tensor(0.7717),mean F0.5:,0.7476254993518008
9,"{'lr': 0.01, 'epochs': 5, 'batch_size': 32, 'optimizer': <class 'torch.optim.adam.Adam'>, 'pooling_after_conv': True, 'weight_decay': 0.0}","{'num_conv_layers': 3, 'filters': 32, 'kernel_sizes': 3, 'use_batch_norm': True, 'dropout_rate': 0.7, 'pooling_type': 'avg', 'num_fc_layers': 2, 'fc_units': 128}",mean accuracy:,tensor(0.7697),mean F0.5:,0.769512940841342
10,"{'lr': 0.1, 'epochs': 10, 'batch_size': 8, 'optimizer': <class 'torch.optim.adam.Adam'>, 'pooling_after_conv': False, 'weight_decay': 0.0001}","{'num_conv_layers': 4, 'filters': 16, 'kernel_sizes': 3, 'use_batch_norm': True, 'dropout_rate': 0.4, 'pooling_type': 'max', 'num_fc_layers': 1, 'fc_units': 128}",mean accuracy:,tensor(0.5433),mean F0.5:,0.3464875641541386
1,"{'lr': 0.01, 'epochs': 15, 'batch_size': 16, 'optimizer': <class 'torch.optim.sgd.SGD'>, 'pooling_after_conv': True, 'weight_decay': 1e-05}","{'num_conv_layers': 3, 'filters': 32, 'kernel_sizes': 3, 'use_batch_norm': True, 'dropout_rate': 0.7, 'pooling_type': 'avg', 'num_fc_layers': 2, 'fc_units': 256}",mean accuracy:,tensor(0.7634),mean F0.5:,0.7562134430460747
2,"{'lr': 0.001, 'epochs': 15, 'batch_size': 16, 'optimizer': <class 'torch.optim.adam.Adam'>, 'pooling_after_conv': False, 'weight_decay': 0.0001}","{'num_conv_layers': 3, 'filters': 64, 'kernel_sizes': 5, 'use_batch_norm': True, 'dropout_rate': 0.2, 'pooling_type': 'max', 'num_fc_layers': 2, 'fc_units': 128}",mean accuracy:,tensor(0.7669),mean F0.5:,0.7539623934099223
3,"{'lr': 0.01, 'epochs': 5, 'batch_size': 8, 'optimizer': <class 'torch.optim.sgd.SGD'>, 'pooling_after_conv': False, 'weight_decay': 0.0001}","{'num_conv_layers': 3, 'filters': 64, 'kernel_sizes': 5, 'use_batch_norm': False, 'dropout_rate': 0.5, 'pooling_type': 'max', 'num_fc_layers': 1, 'fc_units': 256}",mean accuracy:,tensor(0.6304),mean F0.5:,0.49777074689359
4,"{'lr': 0.001, 'epochs': 15, 'batch_size': 32, 'optimizer': <class 'torch.optim.adam.Adam'>, 'pooling_after_conv': False, 'weight_decay': 1e-05}","{'num_conv_layers': 2, 'filters': 16, 'kernel_sizes': 3, 'use_batch_norm': True, 'dropout_rate': 0.2, 'pooling_type': 'avg', 'num_fc_layers': 1, 'fc_units': 128}",mean accuracy:,tensor(0.7632),mean F0.5:,0.7667909693756925
5,"{'lr': 0.0001, 'epochs': 5, 'batch_size': 64, 'optimizer': <class 'torch.optim.sgd.SGD'>, 'pooling_after_conv': False, 'weight_decay': 0.0}","{'num_conv_layers': 3, 'filters': 64, 'kernel_sizes': 5, 'use_batch_norm': False, 'dropout_rate': 0.2, 'pooling_type': 'avg', 'num_fc_layers': 2, 'fc_units': 128}",mean accuracy:,tensor(0.4813),mean F0.5:,0.10126473610425757
6,"{'lr': 0.01, 'epochs': 10, 'batch_size': 64, 'optimizer': <class 'torch.optim.adam.Adam'>, 'pooling_after_conv': False, 'weight_decay': 0.01}","{'num_conv_layers': 4, 'filters': 64, 'kernel_sizes': 3, 'use_batch_norm': False, 'dropout_rate': 0.7, 'pooling_type': 'avg', 'num_fc_layers': 2, 'fc_units': 256}",mean accuracy:,tensor(0.4840),mean F0.5:,0.21426336554477574
7,"{'lr': 0.1, 'epochs': 10, 'batch_size': 8, 'optimizer': <class 'torch.optim.adam.Adam'>, 'pooling_after_conv': True, 'weight_decay': 0.0001}","{'num_conv_layers': 3, 'filters': 32, 'kernel_sizes': 5, 'use_batch_norm': False, 'dropout_rate': 0.5, 'pooling_type': 'max', 'num_fc_layers': 1, 'fc_units': 256}",mean accuracy:,tensor(0.5167),mean F0.5:,0.22125069890704024
8,"{'lr': 0.0001, 'epochs': 15, 'batch_size': 8, 'optimizer': <class 'torch.optim.adam.Adam'>, 'pooling_after_conv': True, 'weight_decay': 0.0001}","{'num_conv_layers': 3, 'filters': 64, 'kernel_sizes': 5, 'use_batch_norm': False, 'dropout_rate': 0.5, 'pooling_type': 'max', 'num_fc_layers': 2, 'fc_units': 128}",mean accuracy:,tensor(0.7717),mean F0.5:,0.7476254993518008
9,"{'lr': 0.01, 'epochs': 5, 'batch_size': 32, 'optimizer': <class 'torch.optim.adam.Adam'>, 'pooling_after_conv': True, 'weight_decay': 0.0}","{'num_conv_layers': 3, 'filters': 32, 'kernel_sizes': 3, 'use_batch_norm': True, 'dropout_rate': 0.7, 'pooling_type': 'avg', 'num_fc_layers': 2, 'fc_units': 128}",mean accuracy:,tensor(0.7750),mean F0.5:,0.7723777004934533
10,"{'lr': 0.1, 'epochs': 10, 'batch_size': 8, 'optimizer': <class 'torch.optim.adam.Adam'>, 'pooling_after_conv': False, 'weight_decay': 0.0001}","{'num_conv_layers': 4, 'filters': 16, 'kernel_sizes': 3, 'use_batch_norm': True, 'dropout_rate': 0.4, 'pooling_type': 'max', 'num_fc_layers': 1, 'fc_units': 128}",mean accuracy:,tensor(0.5508),mean F0.5:,0.4656347644351871
1,"{'lr': 0.01, 'epochs': 15, 'batch_size': 16, 'optimizer': <class 'torch.optim.sgd.SGD'>, 'pooling_after_conv': True, 'weight_decay': 1e-05}","{'num_conv_layers': 3, 'filters': 32, 'kernel_sizes': 3, 'use_batch_norm': True, 'dropout_rate': 0.7, 'pooling_type': 'avg', 'num_fc_layers': 2, 'fc_units': 256}",mean accuracy:,tensor(0.7621),mean F0.5:,0.7546958278847866
2,"{'lr': 0.001, 'epochs': 15, 'batch_size': 16, 'optimizer': <class 'torch.optim.adam.Adam'>, 'pooling_after_conv': False, 'weight_decay': 0.0001}","{'num_conv_layers': 3, 'filters': 64, 'kernel_sizes': 5, 'use_batch_norm': True, 'dropout_rate': 0.2, 'pooling_type': 'max', 'num_fc_layers': 2, 'fc_units': 128}",mean accuracy:,tensor(0.7762),mean F0.5:,0.7620534408631702
3,"{'lr': 0.01, 'epochs': 5, 'batch_size': 8, 'optimizer': <class 'torch.optim.sgd.SGD'>, 'pooling_after_conv': False, 'weight_decay': 0.0001}","{'num_conv_layers': 3, 'filters': 64, 'kernel_sizes': 5, 'use_batch_norm': False, 'dropout_rate': 0.5, 'pooling_type': 'max', 'num_fc_layers': 1, 'fc_units': 256}",mean accuracy:,tensor(0.6304),mean F0.5:,0.49777074689359
4,"{'lr': 0.001, 'epochs': 15, 'batch_size': 32, 'optimizer': <class 'torch.optim.adam.Adam'>, 'pooling_after_conv': False, 'weight_decay': 1e-05}","{'num_conv_layers': 2, 'filters': 16, 'kernel_sizes': 3, 'use_batch_norm': True, 'dropout_rate': 0.2, 'pooling_type': 'avg', 'num_fc_layers': 1, 'fc_units': 128}",mean accuracy:,tensor(0.7632),mean F0.5:,0.7683344833019342
5,"{'lr': 0.0001, 'epochs': 5, 'batch_size': 64, 'optimizer': <class 'torch.optim.sgd.SGD'>, 'pooling_after_conv': False, 'weight_decay': 0.0}","{'num_conv_layers': 3, 'filters': 64, 'kernel_sizes': 5, 'use_batch_norm': False, 'dropout_rate': 0.2, 'pooling_type': 'avg', 'num_fc_layers': 2, 'fc_units': 128}",mean accuracy:,tensor(0.4813),mean F0.5:,0.10126473610425757
6,"{'lr': 0.01, 'epochs': 10, 'batch_size': 64, 'optimizer': <class 'torch.optim.adam.Adam'>, 'pooling_after_conv': False, 'weight_decay': 0.01}","{'num_conv_layers': 4, 'filters': 64, 'kernel_sizes': 3, 'use_batch_norm': False, 'dropout_rate': 0.7, 'pooling_type': 'avg', 'num_fc_layers': 2, 'fc_units': 256}",mean accuracy:,tensor(0.4840),mean F0.5:,0.21426336554477574
7,"{'lr': 0.1, 'epochs': 10, 'batch_size': 8, 'optimizer': <class 'torch.optim.adam.Adam'>, 'pooling_after_conv': True, 'weight_decay': 0.0001}","{'num_conv_layers': 3, 'filters': 32, 'kernel_sizes': 5, 'use_batch_norm': False, 'dropout_rate': 0.5, 'pooling_type': 'max', 'num_fc_layers': 1, 'fc_units': 256}",mean accuracy:,tensor(0.5167),mean F0.5:,0.22125069890704024
8,"{'lr': 0.0001, 'epochs': 15, 'batch_size': 8, 'optimizer': <class 'torch.optim.adam.Adam'>, 'pooling_after_conv': True, 'weight_decay': 0.0001}","{'num_conv_layers': 3, 'filters': 64, 'kernel_sizes': 5, 'use_batch_norm': False, 'dropout_rate': 0.5, 'pooling_type': 'max', 'num_fc_layers': 2, 'fc_units': 128}",mean accuracy:,tensor(0.7717),mean F0.5:,0.7476254993518008
9,"{'lr': 0.01, 'epochs': 5, 'batch_size': 32, 'optimizer': <class 'torch.optim.adam.Adam'>, 'pooling_after_conv': True, 'weight_decay': 0.0}","{'num_conv_layers': 3, 'filters': 32, 'kernel_sizes': 3, 'use_batch_norm': True, 'dropout_rate': 0.7, 'pooling_type': 'avg', 'num_fc_layers': 2, 'fc_units': 128}",mean accuracy:,tensor(0.7713),mean F0.5:,0.7674526104540078
10,"{'lr': 0.1, 'epochs': 10, 'batch_size': 8, 'optimizer': <class 'torch.optim.adam.Adam'>, 'pooling_after_conv': False, 'weight_decay': 0.0001}","{'num_conv_layers': 4, 'filters': 16, 'kernel_sizes': 3, 'use_batch_norm': True, 'dropout_rate': 0.4, 'pooling_type': 'max', 'num_fc_layers': 1, 'fc_units': 128}",mean accuracy:,tensor(0.5496),mean F0.5:,0.35497411472244905
"{'lr': 0.001, 'epochs': 5, 'batch_size': 32, 'optimizer': <class 'torch.optim.adam.Adam'>, 'weight_decay': 0.01}","{'num_conv_layers': 2, 'filters': 16, 'kernel_sizes': 3, 'use_batch_norm': True, 'dropout_rate': 0.5, 'pooling_type': 'max', 'num_fc_layers': 1, 'fc_units': 128}",0.95875,0.0
"{'lr': 0.001, 'epochs': 10, 'batch_size': 32, 'optimizer': <class 'torch.optim.adam.Adam'>, 'weight_decay': 0.0}","{'num_conv_layers': 2, 'filters': 32, 'kernel_sizes': 3, 'use_batch_norm': True, 'dropout_rate': 0.5, 'pooling_type': 'max', 'num_fc_layers': 1, 'fc_units': 128}",0.946,0.0
"{'lr': 0.001, 'epochs': 5, 'batch_size': 32, 'optimizer': <class 'torch.optim.adam.Adam'>, 'weight_decay': 0.0}","{'num_conv_layers': 3, 'filters': 16, 'kernel_sizes': 3, 'use_batch_norm': True, 'dropout_rate': 0.5, 'pooling_type': 'max', 'num_fc_layers': 1, 'fc_units': 128}",0.8723333333333333,0.0
"{'lr': 0.01, 'epochs': 10, 'batch_size': 32, 'optimizer': <class 'torch.optim.adam.Adam'>, 'weight_decay': 0.0}","{'num_conv_layers': 3, 'filters': 16, 'kernel_sizes': 3, 'use_batch_norm': True, 'dropout_rate': 0.5, 'pooling_type': 'max', 'num_fc_layers': 1, 'fc_units': 128}",0.9414999999999999,0.0
"{'lr': 0.01, 'epochs': 5, 'batch_size': 32, 'optimizer': <class 'torch.optim.adam.Adam'>, 'weight_decay': 0.01}","{'num_conv_layers': 2, 'filters': 16, 'kernel_sizes': 3, 'use_batch_norm': True, 'dropout_rate': 0.5, 'pooling_type': 'max', 'num_fc_layers': 1, 'fc_units': 128}",0.9368333333333332,0.0
"{'lr': 0.001, 'epochs': 10, 'batch_size': 32, 'optimizer': <class 'torch.optim.adam.Adam'>, 'weight_decay': 0.01}","{'num_conv_layers': 2, 'filters': 32, 'kernel_sizes': 3, 'use_batch_norm': True, 'dropout_rate': 0.5, 'pooling_type': 'max', 'num_fc_layers': 1, 'fc_units': 128}",0.8789999999999999,0.0
"{'lr': 0.01, 'epochs': 10, 'batch_size': 32, 'optimizer': <class 'torch.optim.adam.Adam'>, 'weight_decay': 0.01}","{'num_conv_layers': 2, 'filters': 16, 'kernel_sizes': 3, 'use_batch_norm': True, 'dropout_rate': 0.5, 'pooling_type': 'max', 'num_fc_layers': 1, 'fc_units': 128}",0.7411666666666666,0.0
"{'lr': 0.01, 'epochs': 5, 'batch_size': 32, 'optimizer': <class 'torch.optim.adam.Adam'>, 'weight_decay': 0.0}","{'num_conv_layers': 2, 'filters': 16, 'kernel_sizes': 3, 'use_batch_norm': True, 'dropout_rate': 0.5, 'pooling_type': 'max', 'num_fc_layers': 1, 'fc_units': 128}",0.8418333333333333,0.0
"{'lr': 0.001, 'epochs': 5, 'batch_size': 32, 'optimizer': <class 'torch.optim.adam.Adam'>, 'weight_decay': 0.01}","{'num_conv_layers': 2, 'filters': 16, 'kernel_sizes': 3, 'use_batch_norm': True, 'dropout_rate': 0.5, 'pooling_type': 'max', 'num_fc_layers': 1, 'fc_units': 128}",0.9640833333333333,0.9799935168068614
"{'lr': 0.001, 'epochs': 10, 'batch_size': 32, 'optimizer': <class 'torch.optim.adam.Adam'>, 'weight_decay': 0.0}","{'num_conv_layers': 2, 'filters': 32, 'kernel_sizes': 3, 'use_batch_norm': True, 'dropout_rate': 0.5, 'pooling_type': 'max', 'num_fc_layers': 1, 'fc_units': 128}",0.9678333333333333,0.9577308869612233
"{'lr': 0.001, 'epochs': 5, 'batch_size': 32, 'optimizer': <class 'torch.optim.adam.Adam'>, 'weight_decay': 0.0}","{'num_conv_layers': 3, 'filters': 16, 'kernel_sizes': 3, 'use_batch_norm': True, 'dropout_rate': 0.5, 'pooling_type': 'max', 'num_fc_layers': 1, 'fc_units': 128}",0.8454166666666666,0.7586356508088923
"{'lr': 0.01, 'epochs': 10, 'batch_size': 32, 'optimizer': <class 'torch.optim.adam.Adam'>, 'weight_decay': 0.0}","{'num_conv_layers': 3, 'filters': 16, 'kernel_sizes': 3, 'use_batch_norm': True, 'dropout_rate': 0.5, 'pooling_type': 'max', 'num_fc_layers': 1, 'fc_units': 128}",0.95,0.9408782214422018
"{'lr': 0.01, 'epochs': 5, 'batch_size': 32, 'optimizer': <class 'torch.optim.adam.Adam'>, 'weight_decay': 0.01}","{'num_conv_layers': 2, 'filters': 16, 'kernel_sizes': 3, 'use_batch_norm': True, 'dropout_rate': 0.5, 'pooling_type': 'max', 'num_fc_layers': 1, 'fc_units': 128}",0.6965,0.48474595150735295
"{'lr': 0.001, 'epochs': 10, 'batch_size': 32, 'optimizer': <class 'torch.optim.adam.Adam'>, 'weight_decay': 0.01}","{'num_conv_layers': 2, 'filters': 32, 'kernel_sizes': 3, 'use_batch_norm': True, 'dropout_rate': 0.5, 'pooling_type': 'max', 'num_fc_layers': 1, 'fc_units': 128}",0.851,0.7516452030020497
"{'lr': 0.01, 'epochs': 10, 'batch_size': 32, 'optimizer': <class 'torch.optim.adam.Adam'>, 'weight_decay': 0.01}","{'num_conv_layers': 2, 'filters': 16, 'kernel_sizes': 3, 'use_batch_norm': True, 'dropout_rate': 0.5, 'pooling_type': 'max', 'num_fc_layers': 1, 'fc_units': 128}",0.68225,0.48546493556153036
"{'lr': 0.01, 'epochs': 5, 'batch_size': 32, 'optimizer': <class 'torch.optim.adam.Adam'>, 'weight_decay': 0.0}","{'num_conv_layers': 2, 'filters': 16, 'kernel_sizes': 3, 'use_batch_norm': True, 'dropout_rate': 0.5, 'pooling_type': 'max', 'num_fc_layers': 1, 'fc_units': 128}",0.8190833333333334,0.7920841670612798
Final Model,"{'lr': 0.001, 'epochs': 10, 'batch_size': 32, 'optimizer': <class 'torch.optim.adam.Adam'>, 'weight_decay': 0.0}","{'num_conv_layers': 2, 'filters': 32, 'kernel_sizes': 3, 'use_batch_norm': True, 'dropout_rate': 0.5, 'pooling_type': 'max', 'num_fc_layers': 1, 'fc_units': 128}",0.9732730263157895,0.9673314901758518
"{'lr': 0.001, 'epochs': 10, 'batch_size': 32, 'optimizer': <class 'torch.optim.adam.Adam'>, 'weight_decay': 1e-05}","{'num_conv_layers': 2, 'filters': 32, 'kernel_sizes': 3, 'use_batch_norm': False, 'dropout_rate': 0.5, 'pooling_type': 'max', 'num_fc_layers': 2, 'fc_units': 128}",0.9778333333333334,0.9849299396249938
"{'lr': 0.01, 'epochs': 10, 'batch_size': 32, 'optimizer': <class 'torch.optim.adam.Adam'>, 'weight_decay': 0.01}","{'num_conv_layers': 3, 'filters': 16, 'kernel_sizes': 3, 'use_batch_norm': True, 'dropout_rate': 0.5, 'pooling_type': 'max', 'num_fc_layers': 1, 'fc_units': 128}",0.7761666666666667,0.6868359965845499
"{'lr': 0.001, 'epochs': 5, 'batch_size': 16, 'optimizer': <class 'torch.optim.adam.Adam'>, 'weight_decay': 0.0}","{'num_conv_layers': 3, 'filters': 16, 'kernel_sizes': 3, 'use_batch_norm': True, 'dropout_rate': 0.4, 'pooling_type': 'max', 'num_fc_layers': 1, 'fc_units': 128}",0.8879166666666667,0.8826959707702573
"{'lr': 0.01, 'epochs': 10, 'batch_size': 64, 'optimizer': <class 'torch.optim.adam.Adam'>, 'weight_decay': 0.0}","{'num_conv_layers': 3, 'filters': 16, 'kernel_sizes': 3, 'use_batch_norm': False, 'dropout_rate': 0.5, 'pooling_type': 'max', 'num_fc_layers': 1, 'fc_units': 128}",0.9828947368421052,0.9894201488621845
"{'lr': 0.1, 'epochs': 15, 'batch_size': 64, 'optimizer': <class 'torch.optim.adam.Adam'>, 'weight_decay': 0.0}","{'num_conv_layers': 3, 'filters': 16, 'kernel_sizes': 3, 'use_batch_norm': True, 'dropout_rate': 0.4, 'pooling_type': 'max', 'num_fc_layers': 2, 'fc_units': 128}",0.7816611842105263,0.6881459651313988
"{'lr': 0.001, 'epochs': 15, 'batch_size': 32, 'optimizer': <class 'torch.optim.adam.Adam'>, 'weight_decay': 0.0}","{'num_conv_layers': 2, 'filters': 16, 'kernel_sizes': 3, 'use_batch_norm': True, 'dropout_rate': 0.5, 'pooling_type': 'max', 'num_fc_layers': 1, 'fc_units': 128}",0.9442499999999999,0.9582401054657943
"{'lr': 0.1, 'epochs': 5, 'batch_size': 64, 'optimizer': <class 'torch.optim.adam.Adam'>, 'weight_decay': 0.0}","{'num_conv_layers': 2, 'filters': 16, 'kernel_sizes': 3, 'use_batch_norm': True, 'dropout_rate': 0.2, 'pooling_type': 'max', 'num_fc_layers': 2, 'fc_units': 128}",0.5925986842105263,0.5233062363997926
"{'lr': 0.001, 'epochs': 5, 'batch_size': 32, 'optimizer': <class 'torch.optim.adam.Adam'>, 'weight_decay': 1e-05}","{'num_conv_layers': 3, 'filters': 16, 'kernel_sizes': 3, 'use_batch_norm': True, 'dropout_rate': 0.5, 'pooling_type': 'max', 'num_fc_layers': 1, 'fc_units': 128}",0.9569166666666666,0.9488655644199598
"{'lr': 0.001, 'epochs': 5, 'batch_size': 16, 'optimizer': <class 'torch.optim.adam.Adam'>, 'weight_decay': 0.01}","{'num_conv_layers': 3, 'filters': 16, 'kernel_sizes': 3, 'use_batch_norm': False, 'dropout_rate': 0.4, 'pooling_type': 'max', 'num_fc_layers': 1, 'fc_units': 128}",0.9714166666666667,0.9760056514640706
"{'lr': 0.001, 'epochs': 10, 'batch_size': 64, 'optimizer': <class 'torch.optim.adam.Adam'>, 'weight_decay': 0.01}","{'num_conv_layers': 2, 'filters': 32, 'kernel_sizes': 3, 'use_batch_norm': False, 'dropout_rate': 0.5, 'pooling_type': 'max', 'num_fc_layers': 2, 'fc_units': 128}",0.9525493421052632,0.9598301628544522
Final Model,"{'lr': 0.01, 'epochs': 10, 'batch_size': 64, 'optimizer': <class 'torch.optim.adam.Adam'>, 'weight_decay': 0.0}","{'num_conv_layers': 3, 'filters': 16, 'kernel_sizes': 3, 'use_batch_norm': False, 'dropout_rate': 0.5, 'pooling_type': 'max', 'num_fc_layers': 1, 'fc_units': 128}",0.9817708333333333,0.9909768436632113
1,"{'lr': 0.01, 'epochs': 15, 'batch_size': 16, 'optimizer': <class 'torch.optim.sgd.SGD'>, 'pooling_after_conv': True, 'weight_decay': 1e-05}","{'num_conv_layers': 3, 'filters': 32, 'kernel_sizes': 3, 'use_batch_norm': True, 'dropout_rate': 0.7, 'pooling_type': 'avg', 'num_fc_layers': 2, 'fc_units': 256}",mean accuracy:,tensor(0.6934),mean F0.5:,0.7114565499836687
2,"{'lr': 0.001, 'epochs': 15, 'batch_size': 16, 'optimizer': <class 'torch.optim.adam.Adam'>, 'pooling_after_conv': False, 'weight_decay': 0.0001}","{'num_conv_layers': 3, 'filters': 64, 'kernel_sizes': 5, 'use_batch_norm': True, 'dropout_rate': 0.2, 'pooling_type': 'max', 'num_fc_layers': 2, 'fc_units': 128}",mean accuracy:,tensor(0.7235),mean F0.5:,0.7244261633042745
1,"{'lr': 0.01, 'epochs': 15, 'batch_size': 16, 'optimizer': <class 'torch.optim.sgd.SGD'>, 'pooling_after_conv': True, 'weight_decay': 1e-05}","{'num_conv_layers': 3, 'filters': 32, 'kernel_sizes': 3, 'use_batch_norm': True, 'dropout_rate': 0.7, 'pooling_type': 'avg', 'num_fc_layers': 2, 'fc_units': 256}",mean accuracy:,tensor(0.7287),mean F0.5:,0.7058302522833937
2,"{'lr': 0.001, 'epochs': 15, 'batch_size': 16, 'optimizer': <class 'torch.optim.adam.Adam'>, 'pooling_after_conv': False, 'weight_decay': 0.0001}","{'num_conv_layers': 3, 'filters': 64, 'kernel_sizes': 5, 'use_batch_norm': True, 'dropout_rate': 0.2, 'pooling_type': 'max', 'num_fc_layers': 2, 'fc_units': 128}",mean accuracy:,tensor(0.7483),mean F0.5:,0.7599234468574334
1,"{'lr': 0.01, 'epochs': 15, 'batch_size': 16, 'optimizer': <class 'torch.optim.sgd.SGD'>, 'pooling_after_conv': True, 'weight_decay': 1e-05}","{'num_conv_layers': 3, 'filters': 32, 'kernel_sizes': 3, 'use_batch_norm': True, 'dropout_rate': 0.7, 'pooling_type': 'avg', 'num_fc_layers': 2, 'fc_units': 256}",mean accuracy:,tensor(0.6895),mean F0.5:,0.7075090725034084
2,"{'lr': 0.001, 'epochs': 15, 'batch_size': 16, 'optimizer': <class 'torch.optim.adam.Adam'>, 'pooling_after_conv': False, 'weight_decay': 0.0001}","{'num_conv_layers': 3, 'filters': 64, 'kernel_sizes': 5, 'use_batch_norm': True, 'dropout_rate': 0.2, 'pooling_type': 'max', 'num_fc_layers': 2, 'fc_units': 128}",mean accuracy:,tensor(0.7142),mean F0.5:,0.7097315620594422
3,"{'lr': 0.01, 'epochs': 5, 'batch_size': 8, 'optimizer': <class 'torch.optim.sgd.SGD'>, 'pooling_after_conv': False, 'weight_decay': 0.0001}","{'num_conv_layers': 3, 'filters': 64, 'kernel_sizes': 5, 'use_batch_norm': False, 'dropout_rate': 0.5, 'pooling_type': 'max', 'num_fc_layers': 1, 'fc_units': 256}",mean accuracy:,tensor(0.6554),mean F0.5:,0.5938699830363225
4,"{'lr': 0.001, 'epochs': 15, 'batch_size': 32, 'optimizer': <class 'torch.optim.adam.Adam'>, 'pooling_after_conv': False, 'weight_decay': 1e-05}","{'num_conv_layers': 2, 'filters': 16, 'kernel_sizes': 3, 'use_batch_norm': True, 'dropout_rate': 0.2, 'pooling_type': 'avg', 'num_fc_layers': 1, 'fc_units': 128}",mean accuracy:,tensor(0.7255),mean F0.5:,0.7377465413974772
5,"{'lr': 0.0001, 'epochs': 5, 'batch_size': 64, 'optimizer': <class 'torch.optim.sgd.SGD'>, 'pooling_after_conv': False, 'weight_decay': 0.0}","{'num_conv_layers': 3, 'filters': 64, 'kernel_sizes': 5, 'use_batch_norm': False, 'dropout_rate': 0.2, 'pooling_type': 'avg', 'num_fc_layers': 2, 'fc_units': 128}",mean accuracy:,tensor(0.5162),mean F0.5:,0.35615650170324364
6,"{'lr': 0.01, 'epochs': 10, 'batch_size': 64, 'optimizer': <class 'torch.optim.adam.Adam'>, 'pooling_after_conv': False, 'weight_decay': 0.01}","{'num_conv_layers': 4, 'filters': 64, 'kernel_sizes': 3, 'use_batch_norm': False, 'dropout_rate': 0.7, 'pooling_type': 'avg', 'num_fc_layers': 2, 'fc_units': 256}",mean accuracy:,tensor(0.4828),mean F0.5:,0.32147113227205587
7,"{'lr': 0.1, 'epochs': 10, 'batch_size': 8, 'optimizer': <class 'torch.optim.adam.Adam'>, 'pooling_after_conv': True, 'weight_decay': 0.0001}","{'num_conv_layers': 3, 'filters': 32, 'kernel_sizes': 5, 'use_batch_norm': False, 'dropout_rate': 0.5, 'pooling_type': 'max', 'num_fc_layers': 1, 'fc_units': 256}",mean accuracy:,tensor(0.5047),mean F0.5:,0.5520000942899227
8,"{'lr': 0.0001, 'epochs': 15, 'batch_size': 8, 'optimizer': <class 'torch.optim.adam.Adam'>, 'pooling_after_conv': True, 'weight_decay': 0.0001}","{'num_conv_layers': 3, 'filters': 64, 'kernel_sizes': 5, 'use_batch_norm': False, 'dropout_rate': 0.5, 'pooling_type': 'max', 'num_fc_layers': 2, 'fc_units': 128}",mean accuracy:,tensor(0.6971),mean F0.5:,0.6282089475487685
9,"{'lr': 0.01, 'epochs': 5, 'batch_size': 32, 'optimizer': <class 'torch.optim.adam.Adam'>, 'pooling_after_conv': True, 'weight_decay': 0.0}","{'num_conv_layers': 3, 'filters': 32, 'kernel_sizes': 3, 'use_batch_norm': True, 'dropout_rate': 0.7, 'pooling_type': 'avg', 'num_fc_layers': 2, 'fc_units': 128}",mean accuracy:,tensor(0.6950),mean F0.5:,0.7118207707167068
10,"{'lr': 0.1, 'epochs': 10, 'batch_size': 8, 'optimizer': <class 'torch.optim.adam.Adam'>, 'pooling_after_conv': False, 'weight_decay': 0.0001}","{'num_conv_layers': 4, 'filters': 16, 'kernel_sizes': 3, 'use_batch_norm': True, 'dropout_rate': 0.4, 'pooling_type': 'max', 'num_fc_layers': 1, 'fc_units': 128}",mean accuracy:,tensor(0.5139),mean F0.5:,0.11469828836569122
1,"{'lr': 0.01, 'epochs': 15, 'batch_size': 16, 'optimizer': <class 'torch.optim.sgd.SGD'>, 'pooling_after_conv': True, 'weight_decay': 1e-05}","{'num_conv_layers': 3, 'filters': 32, 'kernel_sizes': 3, 'use_batch_norm': True, 'dropout_rate': 0.7, 'pooling_type': 'avg', 'num_fc_layers': 2, 'fc_units': 256}",mean accuracy:,tensor(0.6921),mean F0.5:,0.7102453358059464
2,"{'lr': 0.001, 'epochs': 15, 'batch_size': 16, 'optimizer': <class 'torch.optim.adam.Adam'>, 'pooling_after_conv': False, 'weight_decay': 0.0001}","{'num_conv_layers': 3, 'filters': 64, 'kernel_sizes': 5, 'use_batch_norm': True, 'dropout_rate': 0.2, 'pooling_type': 'max', 'num_fc_layers': 2, 'fc_units': 128}",mean accuracy:,tensor(0.7043),mean F0.5:,0.698968186566372
3,"{'lr': 0.01, 'epochs': 5, 'batch_size': 8, 'optimizer': <class 'torch.optim.sgd.SGD'>, 'pooling_after_conv': False, 'weight_decay': 0.0001}","{'num_conv_layers': 3, 'filters': 64, 'kernel_sizes': 5, 'use_batch_norm': False, 'dropout_rate': 0.5, 'pooling_type': 'max', 'num_fc_layers': 1, 'fc_units': 256}",mean accuracy:,tensor(0.6527),mean F0.5:,0.5910415316437446
4,"{'lr': 0.001, 'epochs': 15, 'batch_size': 32, 'optimizer': <class 'torch.optim.adam.Adam'>, 'pooling_after_conv': False, 'weight_decay': 1e-05}","{'num_conv_layers': 2, 'filters': 16, 'kernel_sizes': 3, 'use_batch_norm': True, 'dropout_rate': 0.2, 'pooling_type': 'avg', 'num_fc_layers': 1, 'fc_units': 128}",mean accuracy:,tensor(0.7283),mean F0.5:,0.7427174762450414
5,"{'lr': 0.0001, 'epochs': 5, 'batch_size': 64, 'optimizer': <class 'torch.optim.sgd.SGD'>, 'pooling_after_conv': False, 'weight_decay': 0.0}","{'num_conv_layers': 3, 'filters': 64, 'kernel_sizes': 5, 'use_batch_norm': False, 'dropout_rate': 0.2, 'pooling_type': 'avg', 'num_fc_layers': 2, 'fc_units': 128}",mean accuracy:,tensor(0.5162),mean F0.5:,0.35615650170324364
6,"{'lr': 0.01, 'epochs': 10, 'batch_size': 64, 'optimizer': <class 'torch.optim.adam.Adam'>, 'pooling_after_conv': False, 'weight_decay': 0.01}","{'num_conv_layers': 4, 'filters': 64, 'kernel_sizes': 3, 'use_batch_norm': False, 'dropout_rate': 0.7, 'pooling_type': 'avg', 'num_fc_layers': 2, 'fc_units': 256}",mean accuracy:,tensor(0.4828),mean F0.5:,0.32147113227205587
7,"{'lr': 0.1, 'epochs': 10, 'batch_size': 8, 'optimizer': <class 'torch.optim.adam.Adam'>, 'pooling_after_conv': True, 'weight_decay': 0.0001}","{'num_conv_layers': 3, 'filters': 32, 'kernel_sizes': 5, 'use_batch_norm': False, 'dropout_rate': 0.5, 'pooling_type': 'max', 'num_fc_layers': 1, 'fc_units': 256}",mean accuracy:,tensor(0.5047),mean F0.5:,0.5520000942899227
8,"{'lr': 0.0001, 'epochs': 15, 'batch_size': 8, 'optimizer': <class 'torch.optim.adam.Adam'>, 'pooling_after_conv': True, 'weight_decay': 0.0001}","{'num_conv_layers': 3, 'filters': 64, 'kernel_sizes': 5, 'use_batch_norm': False, 'dropout_rate': 0.5, 'pooling_type': 'max', 'num_fc_layers': 2, 'fc_units': 128}",mean accuracy:,tensor(0.6964),mean F0.5:,0.6303820194728653
9,"{'lr': 0.01, 'epochs': 5, 'batch_size': 32, 'optimizer': <class 'torch.optim.adam.Adam'>, 'pooling_after_conv': True, 'weight_decay': 0.0}","{'num_conv_layers': 3, 'filters': 32, 'kernel_sizes': 3, 'use_batch_norm': True, 'dropout_rate': 0.7, 'pooling_type': 'avg', 'num_fc_layers': 2, 'fc_units': 128}",mean accuracy:,tensor(0.7012),mean F0.5:,0.7202760594315597
10,"{'lr': 0.1, 'epochs': 10, 'batch_size': 8, 'optimizer': <class 'torch.optim.adam.Adam'>, 'pooling_after_conv': False, 'weight_decay': 0.0001}","{'num_conv_layers': 4, 'filters': 16, 'kernel_sizes': 3, 'use_batch_norm': True, 'dropout_rate': 0.4, 'pooling_type': 'max', 'num_fc_layers': 1, 'fc_units': 128}",mean accuracy:,tensor(0.5139),mean F0.5:,0.11469828836569122
11,"{'lr': 0.1, 'epochs': 5, 'batch_size': 64, 'optimizer': <class 'torch.optim.sgd.SGD'>, 'pooling_after_conv': True, 'weight_decay': 1e-05}","{'num_conv_layers': 4, 'filters': 64, 'kernel_sizes': 3, 'use_batch_norm': True, 'dropout_rate': 0.5, 'pooling_type': 'avg', 'num_fc_layers': 1, 'fc_units': 256}",mean accuracy:,tensor(0.6324),mean F0.5:,0.649457530788078
12,"{'lr': 0.0001, 'epochs': 5, 'batch_size': 32, 'optimizer': <class 'torch.optim.sgd.SGD'>, 'pooling_after_conv': True, 'weight_decay': 0.0001}","{'num_conv_layers': 2, 'filters': 32, 'kernel_sizes': 5, 'use_batch_norm': False, 'dropout_rate': 0.7, 'pooling_type': 'max', 'num_fc_layers': 1, 'fc_units': 256}",mean accuracy:,tensor(0.5214),mean F0.5:,0.4403561133113067
13,"{'lr': 0.1, 'epochs': 10, 'batch_size': 8, 'optimizer': <class 'torch.optim.sgd.SGD'>, 'pooling_after_conv': True, 'weight_decay': 0.0}","{'num_conv_layers': 4, 'filters': 16, 'kernel_sizes': 5, 'use_batch_norm': True, 'dropout_rate': 0.4, 'pooling_type': 'avg', 'num_fc_layers': 2, 'fc_units': 128}",mean accuracy:,tensor(0.6450),mean F0.5:,0.5728471885106614
14,"{'lr': 0.0001, 'epochs': 10, 'batch_size': 32, 'optimizer': <class 'torch.optim.adam.Adam'>, 'pooling_after_conv': False, 'weight_decay': 0.0001}","{'num_conv_layers': 4, 'filters': 32, 'kernel_sizes': 5, 'use_batch_norm': True, 'dropout_rate': 0.4, 'pooling_type': 'avg', 'num_fc_layers': 1, 'fc_units': 128}",mean accuracy:,tensor(0.7050),mean F0.5:,0.7279321545160566
15,"{'lr': 0.1, 'epochs': 5, 'batch_size': 64, 'optimizer': <class 'torch.optim.adam.Adam'>, 'pooling_after_conv': True, 'weight_decay': 0.01}","{'num_conv_layers': 3, 'filters': 16, 'kernel_sizes': 5, 'use_batch_norm': False, 'dropout_rate': 0.2, 'pooling_type': 'avg', 'num_fc_layers': 1, 'fc_units': 256}",mean accuracy:,tensor(0.5023),mean F0.5:,0.4451152270903201
